ID;MATERIAL;DESCRIÇÃO;LOCAL
1;BATERIA 3 V;BATERIA DE LÍTIO 3V CR2032;DB-07
2;BZZ002;BUZZER SM 5VC (SONALARME);I.20 - VENDAS
3;BZZ004;BUZZER 1S-30V-LP;I.20 - VENDAS
4;BZZ006;BUZZER KEPO KPT-G2210B;I.20 - VENDAS
5;BZZ007;BUZZER SB3/30V SONALARME;OBSOL - A3
6;BZZ008;BUZZER;CE-01
7;CACLA-001;CHICOTE DE LIGAÇÃO E ALIMENTACAO MICRÓTOMO - C.ANT. LUPCLA REV1;H.27
8;CACLC-001;CHICOTE DE LIGAÇÃO E CONTROLE DRIVER - C.ANT. LUPCLA REV2;H.27
9;CACLC-003;CHICOTE DE LIGACAO E CONTROLE NOBREAK REV1;H.27
10;CADVSE-001;SENSOR ENCODER ROTATIVO INCREMENTAL PARA MICROTOMO MOLEX 3 VIAS REV1;H.27
11;CAIDW-001;PLACA CONEXAO DISPLAY DWIN/PROCULUS COM MOLEX 4 VIAS - C.ANT. LUPDSC;H.27
12;CAP001;CAPACITOR CERAMICO DISCO 100NF X 50V (100KPF);BC-02
13;CAP002;CAPACITOR CERAMICO DISCO 27PF X 50V 10%;OBSOL - A2
14;CAP003;CAPACITOR CERAMICO DISCO 33NF X 50V (33KPF);OBSOL - A2
15;CAP004;CAPACITOR CERAMICO DISCO 4,7PF X 50V 10%;OBSOL - A2
16;CAP005;CAPACITOR ELETROLÍTICO 100UF25V;AF-01
17;CAP006;CAPACITOR ELETROLÍTICO 470UFX25;AF-01
18;CAP007;CAPACITOR POLIESTER 1UF X 63V (EPCOS 1MFX63V B32529);OBSOL - A2
19;CAP008;CAPACITOR POLIESTER 220NF X 63V (EPCOS 220KX63V B32529);OBSOL - A2
20;CAP009;CAPACITOR POLIESTER 56NF X 63V (EPCOS 56KX63V B32529);OBSOL - A2
21;CAP010;CAPACITOR ELETROLITICO 10UFX25V;BC-02
22;CAP012;CAPACITOR CERAMICO DISCO 22PF X 50V;BC-02
23;CAP013;CAPACITOR ELETROLITICO 1UFX100V;AF-01
24;CAP014;CAPACITOR ELETROLITICO RADIAL 220UF X 35V;OBSOL - A2
25;CAP015;CAPACITOR POLIESTER 470NF X 400V;OBSOL - A2
26;CAP016;CAPACITOR TANTALO 1UFX35V;BC-02 / OBSOL - A2
27;CAP017;CAPACITOR TANTALO GOTA 10UF X 25 V;OBSOL - A2
28;CAP018;CAPACITOR CERAMICO DISCO 10NF X 50V 10%;BC-02
29;CAP019;CAPACITOR ELETROLITICO RADIAL 2200UF X 25V;OBSOL - A2
30;CAP020;CAPACITOR CERAMICO DISCO 10PF X 50V 10%;OBSOL - A2
31;CAP021;CAPACITOR CERAMICO DISCO 220NF X 50V 10%;OBSOL - A2
32;CAP022;CAPACITOR CERAMICO DISCO 22NF X 50V 10%;OBSOL - A2
33;CAP023;CAPACITOR ELETROLITICO RADIAL 10.000UF X 50V;OBSOL - A2
34;CAP024;CAPACITOR ELETROLITICO RADIAL 10UF X 160V;OBSOL - A2
35;CAP025;CAPACITOR ELETROLITICO 10NFX50V;BC-02
36;CAP026;CAPACITOR ELETROLITICO RADIAL 2200UF X 35V;OBSOL - A2
37;CAP027;CAPACITOR ELETROLITICO RADIAL 2200UF X 50V;OBSOL - A2
38;CAP028;CAPACITOR ELETROLITICO RADIAL 4700UF X 50V;OBSOL - A2
39;CAP029;CAPACITOR POLIESTER 100NF X 100V;OBSOL - A2
40;CAP030;CAPACITOR POLIESTER 100NF250V;BC-02
41;CAP031;CAPACITOR POLIESTER 100NF X 400V;OBSOL - A2
42;CAP032;CAPACITOR POLIESTER 10NF X 250V;OBSOL - A2
43;CAP033;CAPACITOR POLIESTER 10NF X 400V;OBSOL - A2
44;CAP034;CAPACITOR POLIESTER 1UF X 630V (EPCOS B32232K);OBSOL - A2
45;CAP035;CAPACITOR POLIESTER 220NF X 250V;OBSOL - A2
46;CAP037;CAPACITOR POLIESTER 330NF X 400V;OBSOL - A2
47;CAP038;CAPACITOR POLIESTER 470NF X 100V;OBSOL - A2
48;CAP043;CAPACITOR POLIPROP.MET. 1NF X 100V FIO;OBSOL - A2
49;CAP044;CAPACITOR POLIPROP.MET. 1NF X 63V FIO;OBSOL - A2
50;CAP045;CAPACITOR POLIPROP.MET. 22NF X 1600V EPCOS;OBSOL - A2
51;CAP046;CAPACITOR POLIPROP.MET. 4,7NF X 250V;OBSOL - A2
52;CAP048;CAPACITOR CERAMICO DISCO 12PF X 50V;OBSOL - A2
53;CAP049;CAPACITOR ELETROLITICO RADIAL 47UF X 16V;BC-02/ OBSOL - A2
54;CAP054;CAPACITOR ELETROLITICO 470UFX35V;BC-02
55;CAP055;CAPACITOR POLIESTER 470NFX250V;AF-01
56;CAP056;CAPACITOR CERAMICO SMD;SALA SMD
57;CAP057;CAPACITOR CERAMICO SMD;SALA SMD
58;CAP058;CAPACITOR CERAMICO SMD;SALA SMD
59;CAP059;CAPACITOR CERÂMICO SMD;SALA SMD
60;CAP060;CAPACITOR CERAMICO SMD;SALA SMD
61;CAP061;CAPACITOR CERÂMICO SMD;SALA SMD
62;CAP062;CAPACITOR CERÂMICO SMD;SALA SMD
63;CAP064;CAPACITOR POLIESTER 680NF X 250V;OBSOL - A2
64;CAP065;CAPACITOR POLIESTER 22NF X 63V (EPCOS 22KX63V B32529);OBSOL - A2
65;CAP067;CAPACITOR CERAMICO SMD;SALA SMD
66;CAP068;CAPACITOR CERAMICO SMD 0805 22PF50V;SALA SMD
67;CAP069;CAPACITOR POLIESTER 47NF X 1K6V;OBSOL - A2
68;CAP070;CAPACITOR POLIESTER 6UF X 250V (EPCOS B32669K);OBSOL - A2
69;CAP071;CAPACITOR POLIPROP.MET. 10NF X 1KV (32692) PASSO 15MM;OBSOL - A2
70;CAP072;CAPACITOR ELETROLITICO RADIAL 47UF X 450V (EPCOS B43821A5476N);OBSOL - A2
71;CAP073;CAPACITOR ELETROLITICO RADIAL 100UF X 35V;OBSOL - A2
72;CAP074;CAPACITOR POLIESTER 470NF X 630V (32594) PASSO 27,5MM;OBSOL - A2
73;CAP078;CAPACITOR ELETROLITICO 1000UFX63V;BC-02
74;CAP079;CAPACITOR ELETROLITICO 4,7UFX63V;BC-02
75;CAP081;CAPACITOR POLIESTER 33NF X 400V (B32521-CANECA PLASTICA) 10MM OU 5MM;OBSOL - A2
76;CAP082;CAPACITOR ELETROLITICO 1000UF25V;BC-02
77;CAP083;CAPACITOR ELETROLITICO RADIAL 470UF X 100V;OBSOL - A2
78;CAP084;CAPACITOR CERÂMICO SMD;SALA SMD
79;CAP085;CAPACITOR CERAMICO SMD;SALA SMD
80;CAP086;CAPACITOR CERÂMICO SMD;SALA SMD
81;CAP087;CAPACITOR POLIESTER 1UF X 400V;OBSOL - A2
82;CAP088;CAPACITOR CERAMICO DISCO 2,2NF X 50V;BC-02
83;CAP090;CAPACITOR CERAMICO DISCO 1NF X 1KV HV;AF-01
84;CAP091;CAPACITOR ELETROLITICO RADIAL 10UF X 400V;AF-01
85;CAP092;CAPACITOR CERAMICO DISCO 2,2NF X 400V;AF-01
86;CAP093;CAPACITOR CERÂMICO SMD;SALA SMD
87;CAP094;CAPACITOR CERÂMICO SMD;SALA SMD
88;CAP095;CAPACITOR CERÂMICO SMD;SALA SMD
89;CAP096;CAPACITOR CERÂMICO SMD;SALA SMD
90;CAP097;CAPACITOR ELETROLITICO 2,2UFX100V;BC-02
91;CAP098;CAPACITOR TANTALO SMD 1UF X 35 V CASE A;SALA SMD
92;CASCO-001;SENSOR CHAVE OTICA MOLEX 3 VIAS - C.ANT. LUPFCO-001 e LUPFCO-002;H.27
93;CASCO-002;SENSOR CHAVE OTICA;H.27
94;CASCO-003;SENSOR CHAVE OTICA 3 VIAS COM ABA;H.27
95;CASFC-001;SENSOR FIM DE CURSO COM MICRO SWITCH - C.ANT. LUPFCM;H.27
96;CAU100-001;PLACA CONTROLADOR PARA MICROTOMO - C.ANT. LUPCPU;H.27
97;CAU101-001;PLACA CONTROLADOR PARA CRIOSTATO DE CHAO;H.27
98;CAU104-001;PLACA CONTROLADOR DE TEMPERATURA PARA PAINEL;H.27
99;CAU106-001;PLACA CONTROLADOR PARA PROCESSADOR DE TECIDOS;H.27
100;CAU107-001;PLACA CONTROLADOR PARA CENTRAL DE INCLUSÃO;H.27
101;CHT002;CHAVE TACTIL 12X12X5MM;BE-02
102;CHT003;CHAVE TACTIL6X6X5MM;BE-02
103;CHT005;DIP SWITCH 8 VIAS;BE-02
104;CHT006;REED SWITCH;BE-02
105;CHT007;CHAVE TACTIL 6X6X7MM;BE-02
106;CHT008;CHAVE HH 201 SR1G3FS1S 110/220V;I.19 - VENDAS
107;CHT009;CHAVE 16101MFTFE25;CF-01
108;CHT012;CHAVE TACTIL 6X6X9 MM;OBSOL - A4
109;CHT013;CHAVE 20223 M2FT4FE3S BIPOLAR 3A PT MARGIRIUS;OBSOL - A4
110;CHT016;CHAVE TACTIL 12X12X4,3;CF-01
111;CHT018;CHAVE 20223 M2FT4FE3G BIPOLAR 15A PT MARGIRIUS;OBSOL - A4
112;CHT023;CHAVE TACTIL 12X12X8,5;CF-01
113;CHT026;CHAVE TACTIL 12X12X12;CF-01
114;CHT029;BLOCO DE CONTATO 1 N/A;I.25 - VENDAS
115;CHT030;BLOCO DE CONTATO 1 N/F;I.25 - VENDAS
116;CHT034;CHAVE GANGORRA KCD1-106 N 3T 6A 250V VERM LIGA/DESLIGA;I.19 - VENDAS
117;CHT038;CHAVE VERMELHA LIGA E DESLIGA;BE-02
118;CHT040;CHAVE PHCT103;BE-02
119;CHT041;CHAVE MICRO SWHITCH COM ASTES;BE-02
120;CHT046;CHAVE BLOQUEADORA KS-02 - ALUMINIO;OBSOL - A4
121;CHT047;CALOTA DE METAL 12MM;BE-02
122;CHT048;CHAVE OPTICA PHCT203 COM ABA;BE-02
123;CIM001;ICL7660CBA SMD SO-8 CONVERSOR +5V;CD-02
124;CIM003;4N33 DIP FOTO ACLOPADOR;CD-01
125;CIM004;74HC164D SMD SO14 SHIFT REGISTER;SALA SMD
126;CIM005;74HC373D SMD SO20 LATCH 3STATE;SALA SMD
127;CIM006;MAX232N DIP CONVERSOR TTLRS232 MAXIM;CD-01
128;CIM007;LM348DT SMD SO14 AMPLIFICADOR OPERACIONAL;OBSOL - A6
129;CIM008;LM7805 TO220 REGULADOR DE TENSAO 5V;CD-01
130;CIM009;MAX232D SMD SOIC16 (4MM) CONVERSOR TTLRS232;CD-02
131;CIM010;MC68HC908QY4ACDWE SMD QFP44 MICROCONTROLADOR;CD-02
132;CIM011;TL064CD SMD SO14 AMPLIFICADOR OPERACIONAL;CD-02
133;CIM012;MC68HC908GP32CFBE SMD QFP44 MICROCONTROLADOR;AG-01
134;CIM013;75176 DIP TRANSCEIVER RS485;CD-01
135;CIM015;MC68HC908GT8CFB SMD QFP44 MICROCONTROLADOR;AG-01
136;CIM017;ULN 2003N DIP TRANSISTOR ARRAY;CD-01
137;CIM018;MOC3020 DIP FOTOTRIAC;CD-01
138;CIM019;L78L33ACZ 3,3 V TO92 REGULADOR DE TENSAO 3V3;CD-01
139;CIM020;MAX485CSA SMD (SO 8) TRANSCEIVER RS485;CD-02
140;CIM021;LM324 SMD AMPLIFICADOR OPERACIONAL;CD-02
141;CIM027;74HC373N LATCH 3STATE DIP;CD-01
142;CIM032;LM1458 SMD AMPLIFICADOR OPERACIONAL;CD-02
143;CIM033;LM358N DIP AMPLIFICADOR OPERACIONAL;CD-01
144;CIM035;LM358 SMD (SOIC) AMPLIFICADOR OPERACIONAL;CD-02
145;CIM039;LM7812 TO220 REGULADOR DE TENSAO 12V;CD-01
146;CIM040;LM78L05ACZ TO92 REGULADOR DE TENSAO 5V;CD-01
147;CIM043;LM1458 DIP AMPLIFICADOR OPERACIONAL;CD-01
148;CIM068;LM317LZ TO92 REGULADOR DE TENSAO AJUSTAVEL;CD-02
149;CIM069;LM35 DZ TO92 SENSOR TEMPERATURA;CD-02
150;CIM070;4N27 DIP FOTO ACOPLADOR;CD-01
151;CIM071;MC9S08GT60ACFBE SMD QFP44 MICROCONTROLADOR;AG-01
152;CIM072;LM78L12 TO92 REGULADOR DE TENSAO 12V;CD-01
153;CIM073;MC78LC33HT SMD SOT89 REGULADOR DE TENSAO 3,3V;CD-02
154;CIM077;FT232BL(M)TR SMD CONVERSOR USB PARA UART RS232;CD-02
155;CIM081;IL300 DIP ACOPLADOR OTICO;CD-01
156;CIM082;L7815CV TO220 REGULADOR DE TENSAO 15V;CD-01
157;CIM083;LM359N DIP AMPLIFICADOR OPERACIONAL;CD-01
158;CIM085;CD4093 DIP PORTA NAND;CD-01
159;CIM086;CD4027 DIP FLIP FLOP JK;CD-01
160;CIM088;MC7805BDTRKG SMD DPAK3 (TO-252-3) REGULADOR TENSAO 5V;SALA SMD
161;CIM089;MC9S08AC32CFGE SMD LQFP44 MICROCONTROLADOR;AG-01
162;CIM090;MC9S08GT16ACFBE SMD QFP44 MICROCONTROLADOR;AG-01
163;CIM092;PIC12F675 CONVERSOR ANALOGICO DIGITAL 8 PINOS (DIP);CD-01
164;CIM093;AT42QT1481 SMD LQFP44 QMATRIX TOUCH SENSOR;AG-01
165;CIM094;ACS712 SMD (SOIC) SENSOR LINEAR DE CORRENTE DE EFEITO;CD-02
166;CIM095;MC9S08GW64CLKR SMD LQFP80 MICROCONTROLADOR;AG-01
167;CIM096;MC9S08AC32CFUE SMD QFP64 MICROCONTROLADOR;AG-01
168;CIM098;AT42QT1110-AU SMD TQFP KEY TOUCH SENSOR;AG-01
169;CIM099;TLP185 SMD FOTO ACOPLADOR ( ENCAPSULAMENTO 11-4M1S );SALA CMD
170;CIM100;FT232RL SMD SSOP-28 CONVERSOR USB PARA UART RS232;CD-02
171;CIM103;PIC18F2550 SMD MICROCONTROLLER;CD-02
172;CIM106;MC9S08JM60CLH SMD LQFP-64 MICROCONTROLADOR;AG-01
173;CIM107;MAX7219CWG+T DRIVER BARRA DE LEDS;OBSOL - A6
174;CIM108;MOC3061 DIP OPTOISOLATOR TRIAC DRIVER;CD-01
175;CIM110;MC9S08JM32CLD SMD LQFP-44 MICROCONTROLADOR;AG-01
176;CIM111;OFF-LINE SWITCH MODE POWER CONTROLLER - DK124;CD-01
177;CIM112;LM334Z (LM234 equivalente) TO92 FONTE DE CORRENTE AJUSTAVEL;CD-01
178;CIM113;CD4066B SMD SOIC CMOS QUAD BILATERAL SWITCH;CD-02
179;CIM114;REGULADOR DE TENSÃO LOW-DROPOUT SMD 1A - NCP1117 / LM1117DTX-ADJ;CD-02
180;CIM115;LM336Z 2.5V TO-92 (FKF14 Z25);CD-02
181;CIM117;UART INTERFACE;CD-02
182;CIM118;MICROCONTROLADOR ESP32-S2-SOLO-N4R2;AG-01
183;CIM119;MC9S08PA8AVLC SMD LQFP-32 MICROCONTROLADOR;AG-01
184;CIM120;FONTE DE REFERENCIA AZ431AN;CD-02
185;CIM123;ETHERNET WIZNET;CD-02
186;CIM126;MICROCONTROLADOR ESP32S2MINI2N4R2;DB-03
187;CIM127;MICROCONTROLADOR ESP32S2MINI2UN4;DB-03
188;CNT-ALJ2;CABO INTERNO TRD-T32EWC - ALARME P2 REV3;H.15
189;CNT001;ADAPTADOR DE TECLADO;OBSOL - A4
190;CNT002;CAPA DB25 PRETA COM KIT CURTO MACHO;BC-01
191;CNT003;CONECTOR DB09 MACHO SOLDA FIO SFBD09M;BC-01
192;CNT004;CONECTOR DB15 FEMEA SOLDA FIO DBS F 15;OBSOL - A5
193;CNT005;CONECTOR MOLEX FEMEA 5051-06A 2,5MM;AE-01
194;CNT006;CONECTOR MOLEX FEMEA 5051-07A 2,5MM;AE-01
195;CNT007;CONECTOR MOLEX FEMEA 5051-08A 2,5MM;AE-01
196;CNT008;CONECTOR MOLEX FEMEA 5051-11A 2,5MM;AE-01
197;CNT009;CONECTOR MOLEX FEMEA 5051-03A 2,5MM;AE-01
198;CNT010;CONECTOR MOLEX FEMEA 5051-04A 2,5MM;AE-01
199;CNT011;CONECTOR MOLEX MACHO 5045-11A 2,5MM;AC-01
200;CNT012;CONECTOR MOLEX MACHO 5045-03A 2,5MM;AC-01
201;CNT013;CONECTOR MOLEX MACHO 5045-05A 2,5MM;AC-01
202;CNT014;CONECTOR MOLEX MACHO 5045-07A 2,5MM;AC-01
203;CNT015;CONECTOR MOLEX MACHO 5046-04 90GR 2,5MM;BG-01
204;CNT016;CONECTOR MOLEX MACHO 5046-05 90GR 2,5MM;BG-01
205;CNT017;JACK J2 STEREO PAINEL CINZA;BG-01
206;CNT021;TERMINAL FASTON FEMEA 2,8 MM VERMELHO PRE ISOLADO (EF4203);BF-01
207;CNT022;TERMINAL MOLEX 5159TL (KK 2,5MM );DG-03 / LINHA
208;CNT023;TERMINAL ANEL PRE ISOLADO AMAR TP-23-5 (M5);BF-01
209;CNT025;TERMINAL ANEL VERMELHO 4.3 0.25 1.6 (AN2419);BF-01
210;CNT026;CONECTOR MOLEX MINI FIT JR 5557-08R (4201-08HM051);BC-01
211;CNT027;CONECTOR MOLEX MINI FIT JR 5559-08P (4201-08HP051);BC-01
212;CNT028;TERMINAL MOLEX MINI FIT JR FEMEA;BE-01
213;CNT029;TERMINAL MOLEX MINI FIT JR MACHO;BE-01
214;CNT030;TERMINAL AGULHA 1,5 MM2 PRE ISOLADO VM (PI2686);BF-01
215;CNT032;CONECTOR MOLEX MACHO 5045-08A 2,5MM;BD-01
216;CNT033;BARRA D PINO DUPLA;CB-01
217;CNT034;CONECTOR DB25 MACHO SOLDA FIO DBS M-25;BC-01
218;CNT035;CAPA DB09 PRETA COM KIT CURTO MACHO;BC-01
219;CNT036;MODULAR JACK PLUG MACHO;BG-01
220;CNT037;CONECTOR MOLEX FEMEA 5051-05A 2,5MM;AE-01
221;CNT038;SOQUETE ESTAMPADO 40 PINOS 15 24MM SOST40;OBSOL - A3
222;CNT039;SOQUETE ESTAMAPADO 8 PINOS;CB-01
223;CNT040;BARRA DE PINO SIMPLES;CB-01
224;CNT041;JUMPER COM ABA PRETO MINI SHUNT MKBL;CC-02
225;CNT042;CONECTOR MOLEX MACHO 5045-04A 2,5MM;AC-01
226;CNT043;CONECTOR MOLEX MACHO 5045-02A 2,5MM;AC-01
227;CNT044;CONECTOR MOLEX MACHO 5045-16A 2,5MM;OBSOL - A3
228;CNT045;CONECTOR MOLEX FEMEA 5051-14A 2,5MM;BE-01
229;CNT046;CONECTOR DB09 MACHO PCI 180GR;BB-01
230;CNT047;KIT RETENCAO FEMEA 8MM;CE-01
231;CNT049;CONECTOR MOLEX MINI FIT JR 5559-06P (4201-06HP051);BC-01
232;CNT050;CONECTOR MOLEX MINI FIT JR 5557-06R (4201-06HM051);BC-01
233;CNT052;BARRA 1X40 90 GRAUS;CB-01
234;CNT053;BARRA 2X40 90 GRAUS;CB-01
235;CNT057;BORNE B 058 PRETO;OBSOL - A4
236;CNT058;BORNE B 058 VERMELHO;OBSOL - A4
237;CNT059;BORNE BANANA FEMEA GRANDE GOLD VM;OBSOL - A4
238;CNT060;BORNE BANANA FEMEA GRANDE GOLD PT;OBSOL - A4
239;CNT061;BORNE BANANA FEMEA PT;OBSOL - A4
240;CNT062;BORNE KRE2 2 VIAS 10X9X12;BG-01
241;CNT063;BORNE KRE3 3VIAS 15X9X12;AB-01
242;CNT064;BORNE BANANA FEMEA VM;OBSOL - A4
243;CNT065;CAPA DB15 PRETA COM KIT CURTO MACHO;OBSOL - A5
244;CNT068;ALOJAMENTO 3 VIAS;BE-01
245;CNT069;ALOJAMENTO 6 VIAS;BE-01
246;CNT070;CONECTOR BNC FEMEA C ROSCA P PAINEL;OBSOL - A4
247;CNT071;CONECTOR BNC MACHO TC104013A (70361);OBSOL - A4
248;CNT072;CONECTOR BOX HEADER MACHO 180GR 2X8 CROMAT;BB-01
249;CNT073;CONECTOR BOX HEADER MACHO 90GR 2X7 METALTEX IDCSN-14;BB-01
250;CNT074;CONECTOR COMPAT FEMEA 8655-04A (PASSO 7,5/ 5MM);OBSOL - A3
251;CNT075;CONECTOR COMPAT FEMEA 8655-06A (PASSO 7,5/5MM);OBSOL - A3
252;CNT076;CONECTOR COMPAT MACHO 40023-02B;OBSOL - A3
253;CNT077;CONECTOR COMPAT MACHO 40023-03B;OBSOL - A3
254;CNT078;CONECTOR COMPAT MACHO 40023-04B;OBSOL - A3
255;CNT079;CONECTOR COMPAT MACHO 40023-05B;OBSOL - A3
256;CNT080;CONECTOR COMPAT MACHO 40023-06B;OBSOL - A3
257;CNT081;CONECTOR DB09 FEMEA PCI 180GR;BB-01
258;CNT082;CONECTOR DB09 FEMEA SOLDA FIO DBSF09;BC-01
259;CNT083;CONECTOR DB09 MACHO PARA FLAT CABLE;BB-01
260;CNT084;CONECTOR DB15 MACHO SOLDA FIO DBS M-15;BC-01
261;CNT085;CONECTOR DB25 FEMEA SOLDA FIO DBS F-25;BC-01
262;CNT087;CONECTOR DIN MACHO 5 VIAS P CABO;OBSOL - A4
263;CNT089;CONECTOR MINI DIN 6 PINOS FEMEA P PAINEL;OBSOL - A3
264;CNT090;CONECTOR MINI MODU 03 VIAS FEMEA;BG-01
265;CNT091;CONECTOR MINI MODU 04 VIAS FEMEA;BG-01
266;CNT092;CONECTOR MINI MODU 06 VIAS FEMEA;BG-01
267;CNT093;CONECTOR MINI MODU 10 VIAS FEMEA;BG-01
268;CNT098;CONECTOR MINI MODU 2X3 VIAS 2.54 MM;BG-01
269;CNT099;MODULAR JACK RJ45 8P8C 90GR FEMEA P PCI;OBSOL - A3
270;CNT100;CONECTOR MOLEX MACHO 5046-02 90GR 2,5MM;BG-01
271;CNT101;CONECTOR MOLEX MACHO 5046-03 90GR 2,5MM;BG-01
272;CNT102;CONECTOR MOLEX MACHO 5046-11 90GR 2,5MM;BG-01
273;CNT103;CONECTOR MOLEX FEMEA 5051-02A 2,5MM;AE-01
274;CNT104;CONECTOR MOLEX FEMEA 5051-12A 2,5MM;BE-01
275;CNT105;CONECTOR MOLEX MACHO 5045-12A 2,5MM;BD-01
276;CNT106;CONECTOR MOLEX MACHO 5045-14A 2,5MM;BD-01
277;CNT108;CONECTOR PEMC1-03 PCI 3 VIAS 2,5 MM 180GR;BF-01
278;CNT109;CONECTOR PEMC1-06 PCI 6 VIAS 2,5 MM 180GR;BF-01
279;CNT110;TOMADA AC TRIPOLAR AS02 15A PRETA PAINEL MACHO PINO;OBSOL - A4
280;CNT111;CONECTOR BOX HEADER M. 180GR 2X10 IDCSC-20;CE-01
281;CNT112;CONECTOR BOX HEADER M. 180GR 2X7 METALTEX IDCSC-14;OBSOL - A3
282;CNT113;CONECTOR FEMEA PARA CABO FLAT LATCH 2X10 VIAS - DS1016;BB-01
283;CNT116;CONECTOR HD15 MACHO CABO TOWER;OBSOL - A3
284;CNT117;CONECTOR HD15 FEMEA CABO TOWER;OBSOL - A3
285;CNT120;CONECTOR MOLEX MINI FIT JR 5559-10P (4201-10HP051);BC-01
286;CNT123;TERMINAL FASTON MACHO 6,3 MM P/PLACA;BF-01
287;CNT124;SOQUETE ESTAMPADO 16 PINOS;CB-01
288;CNT125;SOQUETE ESTAMPADO 20 PINOS;CB-01
289;CNT126;SOQUETE ESTAMPADO 44 PINOS PLCC;OBSOL - A4
290;CNT127;SOQUETE ESTAMPADO 6 PINOS;CB-01
291;CNT128;TERMINAL ANEL AN2451 12-10 M6(OLHAL LATAO 6,5MM);OBSOL - A3
292;CNT133;CONECTOR MOLEX MACHO 5045-06A 2,5MM;AC-01
293;CNT134;TERMINAL FORQUILHA VERMELHO 4.3 0.25 1.6;BF-01
294;CNT135;CONECTOR FEMEA LATCH 14 VIAS;BB-01
295;CNT137;ADAPTADOR DE TECLADO;OBSOL - A4
296;CNT138;CONECTOR MOLEX FEMEA 5051-10A 2,5MM;BE-01
297;CNT139;CONECTOR MOLEX MACHO 5045-10A 2,5MM;BD-01
298;CNT140;TERMINAL MOLEX 8960TL (COMPAT 5,0MM ESTANHADO AVULSO);OBSOL - A3
299;CNT141;CONECTOR DB25 FEMEA PCI 180GR;BC-01
300;CNT144;CONECTOR COMPAT FEMEA 8655-03A (PASSO 7,5/5MM);OBSOL - A3
301;CNT146;CONECTOR FEMEA LATCH 16 VIAS C ALIV. L-16;BB-01
302;CNT148;CONECTOR PEMC1-02 PCI 2 VIAS 2,5MM 180GR;BF-01
303;CNT149;TERMINAL FASTON FEMEA 6,3 MM AMAR PRE ISOLADO M4 (EF4240);BF-01
304;CNT150;CONECTOR MOLEX MACHO 5028-08B (WTBS PCMC3-08) 3,96MM;CE-01
305;CNT151;CONECTOR MOLEX FEMEA 3069-8 (WTBS PCF3-08) 3,96MM;BB-01
306;CNT152;TERMINAL MOLEX PCT3 3,96MM;Linha
307;CNT156;CONECTOR MOLEX MACHO 5028-04B (WTBS PCMC3-04) 3,96MM;BB-01
308;CNT157;CONECTOR MOLEX FEMEA 3069-4 (WTBS PCF3-04) 3,96MM;BC-01
309;CNT160;CONECTOR CENTRONICS MACHO P573 24G (VIAS);OBSOL - A4
310;CNT161;CONECTOR PEMN1-02 PCI 2 VIAS 2,5MM 90GR;BF-01
311;CNT162;CONECTOR PEMN1-05 PCI 5 VIAS 2,5MM 90GR;BF-01
312;CNT163;ALOJAMENTO 5 VIAS;BE-01
313;CNT164;TERMINAL PET1 P ALOJAMENO PEF1 PASSO 2,5MM;LINHA
314;CNT165;CONECTOR MINI MODU 09 VIAS FEMEA;BG-01
315;CNT166;TERMINAL MODU;BE-01
316;CNT167;CONECTOR USB A MACHO P CABO;OBSOL - A4
317;CNT169;CONECTOR USB B FEMEA PCI 90GR;BB-01
318;CNT170;CONECTOR MOLEX MACHO 5045-09A 2,5MM;AC-01
319;CNT171;CONECTOR DB09 MACHO PCI 90GR;BB-01
320;CNT173;PLUG P2 3,5MM MONO/STEREO MACHO (COM CAPA PASSA CABO);BB-01
321;CNT174;TERMINAL FASTON FEMEA 4,8X0,8 MM VERMELHO PRE ISOLADO (EF4206);BF-01
322;CNT176;SOQUETE TORNEADO 8 PINOS;CB-01
323;CNT178;CONECTOR BOX HEADER M. 180GR 2X10 C EJETOR IDCEC-20;BB-01
324;CNT179;CONECTOR MOLEX MACHO 5028-03B (WTBS PCMC3-03) 3,96MM;BB-01
325;CNT180;CONECTOR MOLEX FEMEA 3069-3 (WTBS PCF3-03) 3,96MM;BB-01
326;CNT181;ALOJAMENTO 2 VIAS;BE-01
327;CNT182;CONECTOR MOLEX MACHO 5028-07B (WTBS PCMC3-07) 3,96MM;BB-01
328;CNT183;CONECTOR MOLEX MACHO 5028-06B (WTBS PCMC3-06) 3,96MM;BB-01
329;CNT184;CONECTOR MOLEX MACHO 5028-10B (WTBS PCMC3-10) 3,96MM;BB-01
330;CNT185;CONECTOR MOLEX MACHO 5028-02B (WTBS PCMC3-02) 3,96MM;BB-01
331;CNT186;CONECTOR MINI MODU 08 VIAS FEMEA;BG-01
332;CNT187;TERMINAL FASTON FEMEA 6,3 MM SEM ISOLACAO;BF-01
333;CNT188;LUVA DE NYLON P FASTON FEMEA 6,3 MM;CE-01
334;CNT189;TERMINAL FASTON FEMEA 6,3 MM VERMELHO ISOLADO (ET4247);OBSOL - A4
335;CNT190;TERMINAL FASTON FEMEA 6,3 MM AZUL PRE ISOLADO (EF4228);BF-01
336;CNT192;TERMINAL ANEL PRE ISOLADO VERM M6 (AN2421);OBSOL - A4
337;CNT193;TERMINAL ANEL PRE ISOLADO AZUL M5 (AN2435C);BF-01
338;CNT194;BORNE SINDAL 100-302;OBSOL - A4
339;CNT195;BORNE SINDAL 100-304;OBSOL - A4
340;CNT200;BORNE BR3R-03 (3 VIAS);BG-01
341;CNT202;BORNE SINDAL 100-308;OBSOL - A4
342;CNT204;CONECTOR MOLEX FEMEA 5051-09A 2,5MM;AE-01
343;CNT205;TERMINAL FORQUILHA AMARELO PRE ISOLADO M5;BF-01
344;CNT206;TERMINAL ANEL ISOLADO AZUL M6 (AN2436C);OBSOL - A4
345;CNT207;TERMINAL ANEL ISOLADO AZUL M10 (AN2438C);OBSOL - A4
346;CNT209;CONECTOR USB MINI B FEMEA 5 VIAS;BD-01
347;CNT211;CONECTOR MINI MODU 02 VIAS FEMEA;BG-01
348;CNT213;BORNE 2EDGK 5,0 FEMEA 2 VIAS;AB-01
349;CNT214;BORNE 2EDGRC 5,0 MACHO 2 VIAS 90 GRAUS;OBSOL - A1
350;CNT215;BORNE 2EDGK 5,0 FEMEA 4 VIAS;OBSOL - A4
351;CNT216;BORNE 2EDGRC 5,0 MACHO 4 VIAS 90 GRAUS;OBSOL - A1
352;CNT217;JACK J2 FEMEA STEREO 5 VIAS PCI PJ 324M;OBSOL - A4
353;CNT218;CONECTOR PEMN1-03 PCI 3 VIAS 2,5MM 90GR;BF-01
354;CNT219;CONECTOR PEMN1-04 PCI 4 VIAS 2,5MM 90GR;BF-01
355;CNT220;CONECTOR PEMN1-06 PCI 6 VIAS 2,5MM 90GR;BF-01
356;CNT221;CONECTOR PEMN1-08 PCI 8 VIAS 2,5MM 90GR;BF-01
357;CNT222;ALOJAMENTO 4 VIAS;BE-01
358;CNT223;ALOJAMENTO 8 VIAS;BE-01
359;CNT224;TERMINAL PINO TUBULAR ILHOS 0,5MM2 BRANCO;BF-01
360;CNT225;CONECTOR MICRO FIT 300203HM PARA TERMINAL FEMEA 3.0MM 3 VIAS;BD-01
361;CNT226;CONECTOR MICRO FIT 300203HP PARA TERMINAL MACHO 3.0MM 3 VIAS;BD-01
362;CNT227;TERMINAL MICRO FIT FEMEA;DG-03
363;CNT228;TERMINAL MICRO FIT MACHO;DG-03
364;CNT229;CONECTOR DWIN MINI DGUS 10 VIAS;DF-02
365;CNT230;CONECTOR USB A FEMEA DUPLO 90 GRAUS;AF-01
366;CNT231;MODULAR JACK RJ45 FEMEA BLIND.;CE-01
367;CNT232;JACK J4 PCI;BG-01
368;CNT233;PLUG P4 2,1 MM C RABICHO;OBSOL - A6
369;CNT236;CONECTOR MICRO FIT 300106HP PARA TERMINAL MACHO 3.0MM;BD-01
370;CNT237;CONECTOR MICRO FIT 300106HM PARA TERMINAL FEMEA 3.0MM 2X3 VIAS;BD-01
371;CNT238;BARRA PINADA FEMEA SIMPLES;CB-01
372;CNT239;BARRA SOQUETE 1X40 180 GR;CB-01
373;CNT240;TERMINAL FASTON FEMEA 6,3 MM VERMELHO PRE ISOLADO (EF4213);BF-01
374;CNT241;CONECTOR PEMC1-04 PCI 4 VIAS 2,5 MM 180GR;BF-01
375;CNT242;CONECTOR MINI FIT FEMEA 2 VIAS 4,2MM;BB-01
376;CNT243;CONECTOR MINI FIT MACHO 2 VIAS 4,2MM;BB-01
377;CNT244;SOQUETE ESTAMPADO 28 PINOS;CB-01
378;CNT245;JACK J4 2,1 COM ROSCA;CE-01
379;CNT246;ALOJAMENTO SERIE 250803 HP P MACHO;BE-01
380;CNT247;TERMINAL P ALOJ. SERIE MACHO;BE-01
381;CNT248;ALOJAMENTO SERIE 2001 3 VIAS;BE-01
382;CNT249;TERMINAL P ALOJAMENTO SERIE 2001 2MM;DG-03
383;CNT250;CONECTOR MINI MODU 05 VIAS FEMEA;BG-01
384;CNT251;BORNE 2EDGK 5,0 FEMEA 3 VIAS;AB-01
385;CNT252;CONECTOR MOLEX MACHO 5046-06 90GR 2,5MM;BG-01
386;CNT253;CONECTOR MICRO FIT 300108HM PARA TERMINAL FEMEA 3.0MM 2X4 VIAS;BD-01
387;CNT254;CONECTOR MICRO FIT 300108HP PARA TERMINAL MACHO 3.0MM 2X4 VIAS;BD-01
388;CNT255;CONECTOR PROCULOS;BG-01
389;CNT256;ALOJAMENTO SERIE 2507 2 VIAS MACHO;BE-01
390;CNT257;TERMINAL P ALOJAMENTO FEMEA;Linha
391;CNT258;ALOJAMENTO SERIE 2507 2 VIAS FEMEA;BE-01
392;CNT259;PLUG RCA MACHO PRETO METAL;OBSOL - A6
393;CNT260;CONECTOR MOLEX MACHO 5046-07 90GR 2,5MM;BF-02
394;CNT261;CONECTOR MOLEX MACHO 5046-10 90GR 2,5MM;BG-01
395;CNT262;CONECTOR MOLEX MACHO 5046-12 90GR 2,5MM;BG-01
396;CNT263;CONECTOR MOLEX MACHO 5046-09 90GR 2,5MM;BG-01
397;CNT264;CONECTOR MIKE FEMEA PARA CABO 02-05P 5 PINOS;BF-02
398;CNT265;CONECTOR MIKE FEMEA PARA CABO 02-03P 3 PINOS;BF-02
399;CNT266;CONECTOR MIKE MACHO PARA PAINEL 02-05P 5 PINOS;BF-02
400;CNT267;CONECTOR MIKE MACHO PARA PAINEL 02-03P 3 PINOS;BF-02
401;CNT268;BORNE 2EDGRC 5,0 MACHO 3 VIAS 90 GRAUS;AB-01
402;CNT269;TERMINAL AGULHA 4,0 MM2 PRE ISOLADO AM;BF-01
403;CNT270;CONECTOR MOLEX MINI FIT JR 5559-02P (4201-02HF051);BC-01
404;CNT271;ALOJAMENTO SERIE 250708HM 8 VIAS P;BE-01
405;CNT272;ALOJAMENTO SERIE 250808 HF 8 VIAS;BE-01
406;CNT273;CONECTOR SERIE 2001 10 VIAS 2MM MACHO 180GR;OBSOL - A2
407;CNT275;ALOJAMENTO SERIE 2001 10 VIAS 2MM FEMEA;OBSOL - A2
408;CNT277;ALOJAMENTO SERIE 250705HM 5 VIAS;BE-01
409;CNT278;ALOJAMENTO 10 VIAS;BE-01
410;CNT279;CONECTOR PEMC1-10 PCI 10 VIAS 2,5 MM 180GR;BF-01
411;CNT280;CONECTOR 2,0MM 03 VIAS 90G - 200103WR001;BF-01
412;CNT281;CONECTOR MOLEX MINI FIT JR 5557-2R (4201-02HM051);BB-01
413;CNT282;CONECTOR BOX HEADER M. 90GR 2X10 IDCSC-20 (DS1013);BB-01
414;CNT283;BARRA PINADA FEMEA 180 GR DUPLA;CB-01
415;CNT284;BORNE 2EDGRC 5,0 MACHO 3 VIAS 180 GRAUS;AB-01
416;CNT285;BORNE 2EDGRC 5,0 MACHO 4 VIAS 180 GRAUS;BG-01
417;CNT286;BORNE 2EDGRC 5,0 MACHO 2 VIAS 180 GRAUS;AB-01
418;CNT287;ALOJAMENTO SERIE 2508 JHP 5 VIAS;BE-01
419;CNT290;ALOJAMENTO SERIE 250703HM 3 VIAS F;BE-01
420;CNT291;CONECTOR EM T UNIVERSAL FEMEA 2 VIAS;BG-01
421;CNT293;TERMINAL FASTON FEMEA 6,3 MM PARA CONECTOR FEMEA EM T UNIVERSAL;BF-01
422;CNT294;TERMINAL FASTON MACHO 6,3 MM PARA CONECTOR MACHO EM T UNIVERSAL;BF-01
423;CNT295;CONECTOR RJ45 ETHERNET PCI COM FILTRO E LED BLINDADO 90GR FEMEA (HR911105A / TFTL-01);BG-01
424;CNT296;CONECTOR USB-C FEMEA - USB4105-GF-A;BD-01
425;CNT298;CONECTOR USB A FÊMEA GRAUS PCI 90;BG-01
426;CRT001;CRISTAL 32,768 KHZ;BE-02
427;CRT002;CRISTAL 8,000 MHZ HC-49/S (ALTURA 3,5MM);BE-02
428;CRT003;CRISTAL 9,8304 MHZ HC-49/S (ALTURA 3,5MM);BE-02
429;CRT004;CRISTAL 4,000 MHZ HC-49/S (ALTURA 3,5MM);BE-02
430;CRT005;CRISTAL 1,8432 MHZ;BE-02
431;CRT006;CRISTAL 16,000 MHZ;BE-02
432;CRT007;CRISTAL 3,579545 MHZ;BE-02
433;CRT008;CRISTAL 6,000 MHZ HC-49/S (ALTURA 3,5MM);BE-02
434;CRT010;CRISTAL 20 MHZ (ALTURA 3,5MM);BE-02
435;CRT011;CRISTAL 25 MHZ (ALTURA 3,5MM);BE-02
436;CXP002;CAIXA PATOLA CR-097/0 (CONTROLE REMOTO FRENTE CEGA);AC-05
437;CXP003;CAIXA PATOLA PB-075/2 (75X60X24);AD-05
438;CXP004;CAIXA PATOLA PB-055/4F (37X54X170) ABS CINZA;AA-05
439;CXP005;PE DE BORRACHA NRO 36;CE-01
440;CXP007;CAIXA MRI 206-5 BPI;AA-01
441;CXP008;CAIXA MRI MP80 MULTIMETRO;AA-02 / DG-07
442;CXP009;CAIXA PAPELAO P EMBALAGEM REF: MRI 04;EXP.03 / EXP.04
443;CXP010;CAIXA PAPELAO P EMBALAGEM REF: MRI 01;EXP.03 / EXP.04
444;CXP011;CAIXA PATOLA CF-070 (47 X 60 X 85 MM);AC-05
445;CXP015;CAIXA PATOLA PB-064 (25X44X64) PRETA;AD-05
446;CXP025;PE DE BORRACHA NRO 04/00 31X17MM REF. 80;OBSOL - A2
447;CXP033;CAIXA PATOLA CR-095 CONTROLE;AA-03
448;CXP036;CAIXA PATOLA PB-900 CINZA;DG-07
449;CXP049;CAIXA PATOLA PB-170 BEGE (90X120X180 MM) C PARAFUSO;AG-05
450;CXP050;PASSA FIO CABO NR 6 PT PATOLA (6MM);OBSOL - A2
451;CXP051;CAIXA PATOLA PBL-150 ABS BEGE;AD-05
452;CXP052;PRENSA CABO S801C 11 MM PG11;OBSOL - A3
453;CXP057;CANTONEIRA PROTECAO PARA BORNE SINDAL DE 4 SAIDAS;OBSOL - A3
454;CXP069;CAIXA CEMAR CPS12 PVC 120X120X75;I.09 - VENDAS
455;CXP072;CAIXA PATOLA PB-107 TP PRETA;AF-05
456;CXP073;PAINEL ROTOMOLDADO ESTEIRA MRI;DB-07
457;CXP074;CAIXA PLASTICA EP2305 PARA TRD REV9;AE-05
458;CXP075;CAIXA PATOLA PBL-120 ABS BEGE;AC-05
459;CXP076;PASSA CABO PG7;OBSOL - A2
460;CXP079;CAIXA PAPELAO P EMBALAGEM REF: MRI 05;EXP.03 / EXP.04
461;CXP080;CAIXA PATOLA PB-107 COM TERMINAIS BEGE;AC-05
462;CXP081;CAIXA PATOLA PB-115 TE BEGE;AA-05
463;CXP082;CAIXA PATOLA SI-1V VERMELHA;AD-05
464;CXP085;CAIXA PATOLA PB-033 PRETO;AA-03
465;CXP089;CAIXA PATOLA REED 004 BEGE;AE-05
466;CXP090;CAIXA VACUUM FORMING CONTADOR MUSCULACAO;AA-04
467;CXP092;KNOB PRETO 27MM LISO;BE-02
468;CXP093;CAIXA PATOLA PBT-110 LISA;AD-05
469;CXP094;CAIXA VACUUM FORMING CONTADOR MUSCULACAO COM RASGO TAMPA;AA-03
470;CXP095;KNOB PLÁSTICO ESTRIADO PRETO COM CINZA AD-110;CC-02
471;CXP097;CAIXA TERMO HIGROMETRO DIGITAL;AB-05
472;CXP098;CAIXA PAPELAO P EMBALAGEM 19,5X5X69 CM;EXP.03 / EXP.04
473;CXP099;CAIXA PATOLA PB-101;AE-05
474;CXP101;PONTEIRA HR-12 COM HAND GRIP ESQUERDO 185MM  - (FWDVCH-012-E);G.13
475;CXP102;PONTEIRA HR-12 COM HAND GRIP DIREITO 185MM -  (FWDVCH-012-D);G.18
476;DID001;DIODO 1N5408;BC-02
477;DID002;DIODO SINAL 1N4148 0,2A 100V 4NS;BC-02
478;DID003;DIODO 1N4007;BC-02
479;DID004;DIODO ZENER 1N4747 20V 1W;OBSOL - A1
480;DID005;DIODO ZENER 1N4742 12V 1W;OBSOL - A1
481;DID007;DIODO MR852 OU MUR460 3A 200V;CF-01
482;DID010;DIODO SK1/16;OBSOL - A1
483;DID011;DIODO SK6A8 OU 6A10;CF-01
484;DID012;DIODO SK3G10 3A 1000 V;OBSOL - A1
485;DID013;DIODO ZENER 1N4732 4,7V 1W;BC-02
486;DID014;DIODO ZENER 1N4746 18V 1W;OBSOL - A1
487;DID015;DIODO ZENER 1N4749 24V 1W;OBSOL - A1
488;DID016;DIODO ZENER 1N4756 47V 1W;OBSOL - A1
489;DID017;DIODO ZENER 1N5231 5,1V 0,5W;BC-02
490;DID018;DIODO ZENER 1N5242 12V 0,5W;BC-02
491;DID019;DIODO ZENER 1N5355B0307 18V 5W;OBSOL - A1
492;DID020;DIODO ZENER 1N4730 3,9V 1W;OBSOL - A1
493;DID021;DIODO ZENER 1N5223B 2,7V 1/2W;OBSOL - A1
494;DID022;DIODO SINAL BAV99 OU BAV70 (SOT23);SALA SMD
495;DID023;DIODO ZENER 1N5230 4,7V 0,5W;BC-02
496;DID024;DIODO SKE4F1 10;OBSOL - A1
497;DID025;DIODO ZENER 1N6275A +1,5KE15A;OBSOL - A1
498;DID026;DIODO ZENER 1N4734 5V6 1W;OBSOL - A1
499;DID027;DIODO ZENER 1N5245 15V 0,5W;OBSOL - A1
500;DID028;DIODO ZENER 1N5228 3V9 0,5W;BC-02
501;DID029;DIODO ZENER 1N4744 15V 1W;BC-02
502;DID030;DIODO ZENER 1N4728 3,3V 1W;OBSOL - A1
503;DID031;DIODO M7 SMD (DO214AC);SALA SMD
504;DID032;DIODO ZENER 1N969 22V 0,5W;OBSOL - A1
505;DID033;DIODO ZENER 12V 1/2W SMD SOT23;SALA SMD
506;DID034;PONTE RETIFICADORA GBU8L;CC-02
507;DID035;DIODO ZENER 1N5241 11V 1/2W;CF-01
508;DID036;DIODO TVS SMBJ18CA BIPOLAR;CF-01
509;DID037;DIODO RETIFICADOR MBR20100CTG 20A;BC-02
510;DLD001;LED VERDE 3MM;CB-01
511;DLD002;LED VERMELHO 3MM;CB-01
512;DLD003;LED 5 MM AMARELO REDONDO COMUM;DG-05
513;DLD004;LED 5 MM VERDE REDONDO COMUM;DG-05
514;DLD005;LED 5 MM AZUL REDONDO 30GR 1,5 LM;DG-05
515;DLD006;LED 5 MM VERDE REDONDO 30GR 5 LM;DG-05
516;DLD007;LED 5 MM VERMELHO REDONDO 30GR 2 LM;DG-05
517;DLD008;LED 5 MM BRANCO REDONDO 30GR 5 LM;DG-05
518;DLD009;"DISPLAY 7 SEG VERMELHO (660 NM) 0,52"" ANODO COMUM";DB-06
519;DLD010;"DISPLAY 7 SEG AZUL (460 NM) 0,52"" ANODO COMUM";DC-05 / DC-06
520;DLD011;NÃO INSERIDO NO ESTOQUE - OBSOLETO;DC-04 / OBSOL - A2
521;DLD012;"MATRIZ 5X7 LED 5MM 2"" VERMELHO (660 NM) COLUNA CATODO";DA-04 / DA-05
522;DLD013;"MATRIZ 5X7 LED 5MM 2"" AZUL (460 NM) COLUNA CATODO";DD-05 / DD-06 / OBSOL - A4
523;DLD014;"MATRIZ 5X7 LED 5MM 2"" AMBAR (610 NM) COLUNA CATODO";DA-06 / DA-07
524;DLD016;LED 5 MM VERMELHO REDONDO COMUM;DG-05
525;DLD017;"DISPLAY 7 SEG VERMELHO (660 NM) 0,8"" ANODO COMUM";DG-06
526;DLD020;DISPLAY LCD 2X16 BIG-NUMBER BACKLIGHT AZUL - MGD1602S-NS(W)-BBS;DG-05
527;DLD022;DISPLAY LCD 4X20 BACKLIGHT AZUL - MGD2004B-NS-BBS;DG-05
528;DLD023;LED 5X2 AZUL RETANGULAR;DG-05
529;DLD024;LED INFRAVERMELHO 5MM EMISSO;DG-05
530;DLD025;LED 5X2 VERMELHO RETANGULAR;DG-05
531;DLD027;LDR 5 MM - SENSOR LUMINOSIDADE;OBSOL - A4
532;DLD028;LED 3 MM AMARELO REDONDO COMUM;DG-05
533;DLD032;"DISPLAY 7 SEG VERMELHO (660NM) 1,2"" ANODO COMUM";DE-05 / DE-06
534;DLD033;LED SMD AZUL CASE 3528;DD-04
535;DLD034;LED SMD VERDE CASE 3528;DD-04
536;DLD035;LED SMD BRANCO CASE 3528;DD-04
537;DLD036;LED SMD VERMELHO CASE 3528;DD-04
538;DLD037;LED SMD AZUL CASE 5050;DD-04
539;DLD038;LED SMD BRANCO CASE 5050;DD-04
540;DLD039;LED SMD 1W BRANCO - COR BRANCA FRIA - 5750 K;DG-05
541;DLD040;DISPLAY LCD GD-7972WP;DF-06
542;DLD043;"DISPLAY 7 SEG VERDE (572NM) 0,8"" ANODO COMUM";DB-04
543;DLD045;"DISPLAY 7 SEG VERMELHO (645NM) 0,8"" ANODO COMUM";DG-05
544;DLD046;VS1838 RECEPTOR INFRAVERMELHO UNIVERSAL;DG-05
545;DLD048;"MATRIZ 8X8 LED 5MM 2"" AMARELO (590 NM) COLUNA CATODO";DG-05
546;DLD049;"DISPLAY 14 SEG AMARELO (590 NM) 0,53"" ANODO COMUM 2 DIGITOS";DD-04
547;DLD050;LED SMD 1W AZUL;DG-05
548;DLD051;LED SMD 3W RGB;DG-05
549;DLD054;LED 5 MM AZUL REDONDO 15GR 5000 LM;DG-05
550;DLD070;"DISPLAY 7 SEG BRANCO 0,56"" ANODO COMUM";DA-07
551;DLD071;DISPLAY TFT2 CHIHUA - PAINEL CONTROLE BICICLETA/ELIPTICO;G.26
552;DLD072;"MATRIZ 8X8 LED 5MM 2"" BRANCO (xxx NM) COLUNA CATODO";DA-07
553;DLD078;"DISPLAY 7 SEG VERMELHO 0.39"" 4 DIGITOS CATODO - NEQ-3941BUR-N21";DD-04
554;DLD080;"DISPLAY TFT TOUCH 3.5"" PROCULUS P32240J35C_T01";DD-04
555;DLD084;LED SMD VERDE CASE 2835 NE-2835-50-529 150MA 1/2W;DD-04
556;DLD085;LED SMD VERMELHO CASE 2835 HL-A-2835D10FC-S1-08 150MA 1/2W;DD-04
557;DLD086;LED SMD LARANJA CASE 2835 HL-A-3528S220C-S1-13HL 600-603 NM;DD-04
558;DLD087;LED SMD AMARELO CASE 2835 HL-A-3528S31YC-S1-13;DD-04
559;DLD088;"MATRIZ 5X7 LED 3MM 1,2"" AZUL (470 NM) COLUNA CATODO - D3571B-KW";DD-04
560;FCC001;CABO FLEX. 0,20MM2 70GRC 300V AMARELO;DE-01
561;FCC002;CABO FLEX. 0,20MM2 70GRC 300V AZUL;DE-01
562;FCC003;CABO FLEX. 0,20MM2 70GRC 300V VERMELHO;DE-01
563;FCC004;CABO PP 4X0,14MM EMBORRACHADO PT;DD-01
564;FCC006;CABO MANGA 8X26 AWG PALHA;DG-01
565;FCC008;CABO FLEX. 0,20MM2 70GRC 300V MARROM;DE-01
566;FCC009;CABO FLEX. 0,20MM2 70GRC 300V PRETO;DE-01
567;FCC010;CABO FLEX. 0,20MM2 70GRC 300V LARANJA;DE-01
568;FCC011;CABO FLEX. 0,20MM2 70GRC 300V VERDE;DE-01
569;FCC012;CABO FLEX. 0,20MM2 70GRC 300V BRANCO;DE-01
570;FCC014;CABO FLEX. 0,20MM2 70GRC 300V CINZA;DE-01
571;FCC015;CABO FLEX. 0,20MM2 70GRC 300V LILAS;DE-01
572;FCC017;CABO DE FORCA PP TRIPOLAR CPU 3X0,75MMX1,50M PT (NBR14136);DF-02
573;FCC019;CABO MANGA 16X26 AWG PALHA;DG-01
574;FCC020;CABO FLEX. 1,0MM PRETO;DC-01
575;FCC021;CABO FLEX. 1,0MM VERMELHO;DC-01
576;FCC024;CABO FLEX. 1,0MM AZUL;DC-01
577;FCC025;CABO FLEX. 1,0MM AMARELO;DC-01
578;FCC026;CABO FLEX. 1,0MM VERDE;DC-01
579;FCC027;CABO FLEX. 0,5MM PRETO;DD-01
580;FCC028;CABO FLEX. 1,0MM CINZA;DC-01
581;FCC029;CABO DE FORCA PP TRIPOLAR 3X2,5X3 PT(PLU9-3S 030 F T1);DG-02
582;FCC036;CABO FLEX. 1,0MM BRANCO;DC-01
583;FCC042;CABO FLEX. 0,5MM VERMELHO;DD-01
584;FCC043;CABO FLEX. 0,5MM AMARELO;DD-01
585;FCC046;CABO MANGA 12X26 AWG;DG-01
586;FCC048;CABO MANGA 8X26 AWG PRETO;DB-01
587;FCC050;TERMORETRATIL 9 MM PRETO;DG-03 / LINHA
588;FCC051;TERMORETRATIL 1,6MM 1/16 PRETO TCN20;DG-03/ LINHA
589;FCC053;TERMORETRATIL 6,4MM 1/4 PRETO TCN20;LINHA
590;FCC061;CABO MANGA 2X26 AWG PALHA;DF-01
591;FCC062;CABO MANGA 4X26 AWG S BLINDAGEM BEGE;DF-01
592;FCC067;CABO DE FORCA 2X0,5X1,5M 2 PINOS;DF-02
593;FCC069;CABO FLAT 40X28AWG CINZA;DA-02
594;FCC075;CABO USB-A USB MICRO 5 PINOS;DF-02
595;FCC076;CABO FLAT PARA DISPLAY DWIN 10 VIAS 40CM;DF-02
596;FCC077;CABO USB-A FEMEA P PAINEL 1M;I.10 - VENDAS
597;FCC078;CABO MANGA 6X26 AWG;DF-01
598;FCC081;CABO MANGA 6X26 AWG PRETO;DA-01
599;FCC083;CABO MANGA 4X26 AWG PRETO;DA-01
600;FCC084;CABO PARALELO 2X0,20MM2 PRETO COM TARJA BRANCA;DB-01
601;FCC085;CABO MANGA 2X26 AWG PRETO;DA-01
602;FCC086;CABO MANGA 10X26 AWG PRETO;DB-01
603;FEQ003;PROTETOR P BICO DE SUGADOR C3;DE-03
604;FNT010;FONTE ALIMENTACAO BIVOLT 12V 3A LJX0572;I.10 - VENDAS
605;FNT011;FONTE ALIMENTACAO BIVOLT 12V 1A P4 POSITIVO INTERNO;DE-04
606;FNT012;FONTE INDUSTRIAL COLMEIA 16X9,5X4MM (CXLXE) 24V 6A - 6.5A 145W - 150W;DF-04
607;FNT013;MODULO FONTE LM2596;AB-01
608;FNT014;FONTE ALIMENTACAO BIVOLT 5V 1A;DF-04
609;FNT015;FONTE ALIMENTACAO 12V 5A;I.25 - VENDAS
610;FNT016;MODULO CONVERSOR DC/DC - BOOST - XL6009;BB-02
611;FNT017;CARREGADOR BATERIA LITHINUM 1A COM PROTECAO - TP4056;G.14
612;FNT018;DRIVER ALIMENTACAO POTENCIA 4-7W;G.04
613;FNT021;FONTE ALIMENTACAO BIVOLT 12V 2A P4 POSITIVO INTERNO;AG-05
614;FNT023;FONTE ALIMENTACAO BIVOLT 9V 1A;DG-04
615;FUS001;FUSIVEL DE VIDRO 1A 20MM (20AGF/1,00);BF-02
616;FUS002;PORTA FUSIVEL P PCI 20X5MM;BF-02
617;FUS004;PORTA FUSIVEL TIPO ROSCA P PAINEL PEQUENO (FUS. 20MM);BF-02
618;FUS005;FUSIVEL DE VIDRO 30A 20X5MM FG 205 30A;OBSOL - A3
619;FUS006;FUSIVEL DE VIDRO 20A 20MM (20AGF20,00);BF-02
620;FUS007;FUSIVEL DE VIDRO 3A 20MM (20AGF 3,00);BF-02
621;FUS008;FUSIVEL DE VIDRO 5A 20MM (20AGF 5,00);BF-02
622;FUS011;FUSIVEL DE VIDRO 10A 20MM;BF-02
623;FUS013;FUSIVEL DE VIDRO 20A 32X6,35 MM;BF-02
624;FUS014;FUSIVEL DE VIDRO 10A 32X6,35 MM;BF-02
625;FUS015;FUSIVEL DE VIDRO 15A 32X6,35 MM;OBSOL - A3
626;FUS016;FUSIVEL DE VIDRO 2A 20MM (20AGF 2,00);BF-02
627;FUS017;FUSIVEL DE VIDRO 4A 20MM;BF-02
628;FUS018;PORTA FUSIVEL BF-020 5X20;OBSOL - A4
629;FWCBAT-H-001;CHICOTE HAND GRIP E PEGA REV7;H.15
630;FWCBAT-H-004;CHICOTE HAND GRIP E PEGA MICRO FIT 6 VIAS 2,1 METROS REV2;H.15
631;FWCBAT-H-006;CHICOTE BATIMENTO HAND GRIP / PEGA MICRO FIT 6 VIAS 3 METROS REV1 ;H.15
632;FWCBAT-H-008;CHICOTE BATIMENTO HAND GRIP ADAPTADOR MOLEX 6 VIAS ;H.15
633;FWCBE-C65-002;CHICOTE BICICLETA E ELIPTICO (ALTERNADOR CINAP 6505) REV2;H.13
634;FWCBE-J4-001;CHICOTE ALIMENTACAO CONSOLE VICTORY - CONECTOR J4 REV1;H.13
635;FWCBE-J4-002;CHICOTE ALIMENTACAO PAINEL CONECTOR J4 REV1;H.13
636;FWCBE-P-006;CHICOTE ALIMENTACAO E CONTROLE BICICLETA PAINEL FW225;H.13
637;FWCBE-P-008;CHICOTE ALIMENTACAO E CONTROLE BICICLETA PAINEL FW225 ALOJAMENTO SERIE 2508 5 VIAS REV2;H.30
638;FWCBE-P-009;CHICOTE ALIMENTAÇÃO CONTROLE FW140 E BICICLETA PAINEL FW225 COM EMENDA REV2;H.30
639;FWCBOT-001;CHICOTE BOTOEIRA RIGHETTO REV2;H.03
640;FWCBOT-002;CHICOTE BOTOEIRA FW209 REV1;H.03
641;FWCBOT-004;CHICOTE BOTAO EMERGENCIA REV2;H.03
642;FWCBOT-005;CHICOTE BOTAO EMERGENCIA - EL0082 REV2;H.03
643;FWCBOT-009;CHICOTE BOTAO EMERGENCIA FASTON 4,8 REV2;H.03
644;FWCBOT-010;CHICOTE BOTAO EMERGENCIA MOLEX/FASTON 4,8 REV1;H.03
645;FWCBOT-011;CHICOTE EMERGENCIA PLATAFORMA ESCADA REV2;H.03
646;FWCBOT-014;CHICOTE PONTEIRA COM HAND GRIP FW222 FW500 ESCADA REV3;H.03
647;FWCBOT-015;CHICOTE EXTENSOR BOTOEIRA ESCADA FISIOTERAPIA;H.03
648;FWCBOT-016;CHICOTE BOTAO EMERGENCIA FORQUILHA 4,3;H.03
649;FWCBOT-017;CHICOTE PONTEIRA COM HAND GRIP FW222 FW500 ESTEIRA REV1;H.03
650;FWCBOT-018;CHICOTE BOTAO EMERGENCIA FASTON 4,8;H.03
651;FWCBOT-019;CHICOTE EMERGENCIA DUPLA PLATAFORMA ESCADA REV2;H.03
652;FWCBOT-021;CHICOTE PONTEIRA COM HAND GRIP FW222 FW500 ESCADA 1,32M REV3 ;H.03
653;FWCBOT-022;CHICOTE BOTAO DE EMERGENCIA DUPLO FORQUILHA/FASTON;H.03
654;FWCBOT-024;CHICOTE BOTAO EMERGENCIA MOLEX/FASTON 4,8 3,60 MT COM EMENDA;H.03
655;FWCBOT-026;CHICOTE EMERGENCIA SENSOR ESTEIRA REABILITACAO REV2;H.08
656;FWCBS-001A;CHICOTE BOMBA SILICONE 1 METRO REV5;H.13
657;FWCBS-002;CHICOTE BOMBA SILICONE 2,3 METROS REV1;H.13
658;FWCBS-003;CHICOTE BOMBA SILICONE FW153 E FW140;H.13
659;FWCDV-003;CHICOTE LIGACAO PAINEL GS6761 COM ATUADOR REV2;H.18
660;FWCDV-006;CHICOTE FIM DE CURSO REV4;H.18
661;FWCDV-009;CHICOTE FIM DE CURSO - EL0214 REV1;H.18
662;FWCDV-010;CHICOTE FIM DE CURSO MOLEX 3 VIAS/FASTON REV2;H.18
663;FWCDV-011;CHICOTE EXTENSOR - MOLEX 2 VIAS;H.18
664;FWCDV-012;CHICOTE EXTENSOR - CONECTOR P2 MONO;H.30
665;FWCDV-013;CHICOTE ADAPTADOR FW140 MOTOR INCLINACAO LINAK;H.18
666;FWCDV-014;CHICOTE ADAPTADOR FW140 MOTOR INCLINACAO ENCODER;H.18
667;FWCDV-016;CHICOTE ADAPTADOR FW140 ENCODER E ALIMENTACAO MOTOR LINAK;H.18
668;FWCDV-017;CHICOTE ADAPTADOR ALIMENTACAO E CONTROLE MOTOR DE;H.18
669;FWCDV-018;CHICOTE ALIMENTACAO CONTROLE FW140 E MOTOR DE TRACAO;H.18
670;FWCDV-019;CHICOTE ATERRAMENTO CARCACA CONECTOR FASTON E ANEL 6.3;H.18
671;FWCEE-003;CHICOTE ENTRADA DE ENERGIA;H.23
672;FWCEE-004;CHICOTE ENTRADA ENERGIA COM CHAVE ILUMINADA, FUSIVEL E CHASSI;H.23
673;FWCEE-005;CHICOTE DE ALIMENTACAO CHAVE INVERSOR CFW10 E FONTE REV1;H.23
674;FWCEE-009;CHICOTE FONTE CHAVEADA REV3;H.23
675;FWCEE-011;CHICOTE FONTE FW153 E FW140-005 MOTOR AC REV1;H.28
676;FWCEE-012;CHICOTE DE ALIMENTACAO CHAVE INVERSOR ADW300 E FONTE;H.28
677;FWCEE-015;CHICOTE DE ALIMENTACAO CHAVE INVERSOR CFW300 E FONTE;H.28
678;FWCEE-016;CHICOTE DE ALIMENTACAO CARREGADOR USB E FW153 REV2;H.28
679;FWCEE-017;CHICOTE ADAPTADOR FW140 MOTOR INCLINACAO BRUDDEN MOVEMENT REV1;H.28
680;FWCEE-020;CHICOTE FONTE CHAVEADA 24V;DD-02
681;FWCEE-025;CHICOTE ALIMENTACAO SENSOR EMERGENCIA REABILITACAO;H.28
682;FWCHBE-GER-002;CHICOTE PARA GERADOR 2 POLOS;EXP.01
683;FWCHBE-GER-003;CHICOTE PARA GERADOR 3 POLOS;EXP.01
684;FWCHBE-GER-004;CHICOTE BICICLETA ELIPTICO FREIO GERADOR REV2;H.24
685;FWCHBE-GER-005;CHICOTE BICICLETA/ELIPTICO GERADOR MAGNETICO PARA CONSOLE 2,5M;H.24
686;FWCHBE-GER-006;CHICOTE BICICLETA ELIPTICO FREIO GERADOR GREEN;I.19 - VENDAS
687;FWCHBE-GER-007;CHICOTE BICICLETA ELIPTICO FREIO GERADOR SENSOR MAGNETICO SERIE 2507 REV1;H.24
688;FWCHBE-MAG-001;CHICOTE BICICLETA ELIPTICO FREIO MAGNETICO PARA CONSOLE;I.28
689;FWCHBE-MEC-001;CHICOTE BICICLETA ELIPTICO FREIO MECANICO PARA CONSOLE;G.25
690;FWCHEX-GER-001;CHICOTE EXTENSAO ELIPTICO GERADOR MAGNETICO PARA CONSOLE REV2;H.15
691;FWCINV-001A;CHICOTE INVERSOR CFW10/HERCULES HD300 MOLEX 4 VIAS REV4;H.19
692;FWCINV-003;CHICOTE INCLINACAO INVERSOR ADW01 AGEON REV3;H.19
693;FWCINV-004;CHICOTE INVERSOR CFW10 MOLEX 2 VIAS REV1;H.19
694;FWCINV-006;CHICOTE INVERSOR AGEON/WEG ADW300 MOLEX 6 VIAS REV1;H.19
695;FWCINV-007;CHICOTE INVERSOR AGEON MOLEX 2 VIAS PLACA FW153 REV1;H.19
696;FWCINV-008;CHICOTE INCLINACAO INVERSOR ADW300 MOLEX 4 e 6 VIAS;H.19
697;FWCINV-011;CHICOTE INVERSOR CFW300 MOLEX 5 VIAS REABILITACAO;H.19
698;FWCINV-012;CHICOTE INVERSOR CFW300 MOLEX 2 VIAS;H.19
699;FWCINV-013;CHICOTE INVERSOR CFW300 MOLEX 4 VIAS;H.19
700;FWCLF-A01-001;CHICOTE INVERSOR ADW01AGEON REV5;H.14
701;FWCLF-A01-007;CHICOTE INVERSOR ADW01 MICRO FIT 6 VIAS REV3;H.14
702;FWCLF-A01-010;CHICOTE INVERSOR AGEON MICRO FIT 6 VIAS SEM FONTE REV3;H.14
703;FWCLF-A01-011;CHICOTE INVERSOR AGEON PLACA FW215 MOLEX 4 VIAS REV2;H.14
704;FWCLF-A300-001;CHICOTE INVERSOR ADW300 REV1;H.29
705;FWCLF-A300-002;CHICOTE INVERSOR ADW300 MICRO FIT 6 VIAS SEM FONTE REV3;H.29
706;FWCLF-A300-003;CHICOTE PLACA FW / INVERSOR ADW300 3 METROS SEM EMENDA;H.29
707;FWCLF-A300-004;CHICOTE INVERSOR ADW300 MOVEMENT SERIE 2508 8 VIAS SEM FONTE REV2;H.29
708;FWCLF-C10-014;CHICOTE INVERSOR CFW10 MINI FIT 6 VIAS - EL0112 REV5;H.18
709;FWCLF-C10-015;CHICOTE INVERSOR CFW10/HD300/CFW300 MICRO FIT 6 VIAS REV3;H.18
710;FWCLF-C10-018;CHICOTE INVERSOR CFW10/HERCULES HD300 MICRO FIT 6 VIAS;H.18
711;FWCLF-C10-020;CHICOTE INVERSOR CFW10/HERCULES HD300 MICRO FIT 6 VIAS;H.18
712;FWCLF-C300-001;CHICOTE INVERSOR CFW300 REV3;H.13 / H.29
713;FWCLF-C300-002;CHICOTE INVERSOR CFW300 MICRO FIT 6 VIAS;H.29
714;FWCLF-M02-005;CHICOTE LIGACAO FREQUENCIA E FONTE MICRO FIT 6 VIAS REV1;H.14
715;FWCLF-M03-001;CHICOTE LIGACAO PAINEL E FONTE MOLEX 4 VIAS REV3;H.25
716;FWCLF-M03-002;CHICOTE LIGACAO PAINEL E FONTE MOLEX 4 VIAS MICRO FIT 6 VIAS;H.10
717;FWCLF-M04-001;CHICOTE LIGACAO PAINEL MICRO FIT 6 VIAS REV4;H.20
718;FWCLF-M04-003;CHICOTE LIGACAO PAINEL MICRO FIT 6 VIAS SEM FONTE REV3;H.20
719;FWCLF-M04-005;CHICOTE LIGACAO PAINEL MICRO FIT 6 VIAS FW217 SEM FONTE;H.20 
720;FWCLF-M04-006;CHICOTE LIGACAO PAINEL MICRO FIT 8 VIAS REV5;H.20 / H.13
721;FWCLF-M04-007;CHICOTE LIGACAO PAINEL MICRO FIT 6 VIAS COM SAIDA 12V REV2;H.20
722;FWCLF-M04-008;CHICOTE LIGACAO PAINEL MOVEMENT SERIE 2508 8 VIAS SEM;H.14
723;FWCLF-M04-009;CHICOTE LIGACAO COLUNA MOVEMENT SERIE 2507 8 VIAS REV1;H.10
724;FWCLF-M04-010;CHICOTE LIGACAO PAINEL SERIE 2508 8 VIAS INC. REV1;H.14
725;FWCLFI-C10-004;CHICOTE INVERSOR CFW10 CONECTOR DB15 REV3;G.24
726;FWCLFI-F01-001;CHICOTE LIGACAO PAINEL FONTE FW140 MICRO FIT 6 VIAS REV2;H.04
727;FWCLFI-M01-001A;CHICOTE LIGACAO FREQ E INCLINACAO REV5;H.05
728;FWCLFI-M01-003;CHICOTE LIGACAO FREQ INCLINACAO ENCODER PEDALEIRA;H.04
729;FWCLFI-M01-004;CHICOTE LIGACAO FREQUENCIA E INCLINACAO 2508 8 VIAS REV1;H.04
730;FWCLFI-M01-005;CHICOTE LIGACAO FREQUENCIA INCLINACAO ENCODER;H.04
731;FWCLFI-M02-001;CHICOTE LIGACAO PAINEL E FONTE INCLINACAO - EL0098 REV1;I.22
732;FWCLFI-M04-001;CHICOTE LIGACAO FREQ E INCLINACAO MICRO FIT 6 VIAS REV2;H.04
733;FWCLT-001;CHICOTE PARA TECLADO FW145 E FW159 CONECTOR 3 E 5 VIAS REV1;DD-02
734;FWCLT-006;CHICOTE PARA FWI135-005 REV5;DD-02
735;FWCLT-007-D;CHICOTE PARA PONTEIRA CXP077 VELOCIDADE REV3;T.02
736;FWCLT-007-E;CHICOTE PARA PONTEIRA CXP083 INCLINACAO REV3;T.02
737;FWCLT-012;CHICOTE PARA TECLADO FW159 CONECTOR 9 VIAS;DD-02
738;FWCLT-016;CHICOTE PARA TECLADO FW159 CONECTOR 3 E 5 VIAS;H.25
739;FWCLT-017;CHICOTE LIGACAO CONECTOR MIKE 5 VIAS E MOLEX 5 VIAS REABILITACAO REV2;H.25
740;FWCLT-018;CHICOTE PARA PEDALEIRA CONECTOR MIKE 5 VIAS REABILITACAO REV2;H.30
741;FWCLT-019;CHICOTE LIGACAO CONECTOR MIKE 3 VIAS E MOLEX 3 VIAS REABILITACAO REV3;H.25
742;FWCLT-020;CHICOTE LIGACAO PLACA FWU501 E FWP305;H.25
743;FWCLT-024;CHICOTE LIGAÇÃO FW401 E CONTATORA WEG CW0710E;H.25
744;FWCLT-025;CHICOTE LIGAÇÃO FW401 E FONTE CHAVEADA;H.05
745;FWCLT-028;CHICOTE PARA TECLADO FW162 CONECTOR 6 VIAS;I.06
746;FWCLT-030;CHICOTE PARA TECLADO FW156 CONECTOR 9 VIAS;DD-02
747;FWCM140-001;CONJUNTO MONTADO MOVEMENT FW140 FONTE 12V INTERNO MOTOR AC - INCLINAÇÃO;G.21
748;FWCM159-001;CONJUNTO MONTADO ASTRO FITNESS FW159 TECLADO 14 TECLAS - MEC107;G.12
749;FWCM200-HVM-001;CONJUNTO MONTADO MOVEMENT FW200 DISPLAY VERMELHO COM TECLAS - SEM ADESIVO - MEC097;G.21
750;FWCM203-HVM-001;CONJUNTO MONTADO MOVEMENT FW203 DISPLAY VERMELHO E TECLADO MECANICO FW156 SEM ADESIVO - MEC085;G.06
751;FWCM203-HVM-002;CONJUNTO MONTADO MOVEMENT FW203 DISPLAY VERMELHO E TECLADO MECANICO FW156 SEM ADESIVO - MEC088;G.07
752;FWCM203-HVMI-001;CONJUNTO MONTADO MOVEMENT FW203 DISPLAY VERMELHO INCLINACAO E TECLADO MECANICO FW156 - MEC085;G.16
753;FWCM203-HVMI-002;CONJUNTO MONTADO FW203 DISPLAY VERMELHO INCLINACAO E TECLADO MECANICO FW162;G.06 / G.11
754;FWCM222-HAZ-002;CONJUNTO MONTADO FW222 DISPLAY AZUL SEM TECLADO CHAPA CHP028;G.02
755;FWCM222-HAZI-001;CONJUNTO MONTADO FW222 DISPLAY AZUL COM INCLINACAO E TECLADO MECANICO FW162;G.07
756;FWCM500-HRS-001;CONJUNTO MONTADO FW500 TOUCH SEM CHAPA FRONTAL;G.26
757;FWCO223-XCZ-001;CONSOLE FW223 CONTADOR MUSCULACAO;H.12
758;FWCO300-HCZ-001;CONSOLE FW300 PARA SPINNING GABINETE PLASTICO PRETO SENSOR IMÃ;G.01
759;FWCO301-HCZ-001;CONSOLE FW301 PARA SPINNING GABINETE PLASTICO CINZA SENSOR IMÃ;G.19
760;FWCO320-HCZ-001;CONSOLE FW320 HAND GRIP CINZA GABINETE PLASTICO MECANICO;T.03 / G.12 / G.17 / G.22
761;FWCO341-HAZ-001;CONSOLE FW341 HAND GRIP AZUL GABINETE PLASTICO MAGNETICO;G.26
762;FWCO342-HAZ-001;CONSOLE FW342 HAND GRIP AZUL GABINETE PLASTICO MAGNETICO;T.03
763;FWCO342-HAZ-001 (BRANCO);CONSOLE FW342 HAND GRIP AZUL GABINETE PLASTICO MAGNETICO;PRODUÇÃO
764;FWCO344-HCZ-001;CONSOLE FW344 HAND GRIP CINZA GABINETE PLASTICO MAGNETICO;I.24
765;FWCO345-HCZ-001;CONSOLE FW345 HAND GRIP CINZA GABINETE PLASTICO MAGNETICO BLUETOOTH;G.26
766;FWCO350-HCZ-001;CONSOLE FW350 HAND GRIP CINZA GAB PLASTICO GERADOR GREEN;G.24
767;FWCO361-HAZ-001;CONSOLE FW361 HAND GRIP AZUL GABINETE PLASTICO GERADOR;EXP.03
768;FWCO400-HAD-001;CONSOLE FW400 HAND GRIP DISPLAY TOUCH LCD COLORIDO;T.03
769;FWDV136-002;RESISTENCIA BICICLETA E ELIPTICO;OBSOL - A6
770;FWDVCH-001;CHAVE DE SEGURANÇA;G.03
771;FWDVCH-004;BOTAO EMERGENCIA N/A COGUMELO VERMELHO;H.10
772;FWDVCH-006-D;PONTEIRA COM HAND GRIP 2 TECLAS DIREITO;T.02
773;FWDVCH-006-E;PONTEIRA COM HAND GRIP 2 TECLAS ESQUERDO;T.02
774;FWDVCH-007;BOTAO EMERGENCIA N/A RETANGULAR VERMELHO;I.18
775;FWDVCH-009;CHAVE SEGURANCA MECANICA;I.20 - VENDAS
776;FWDVCH-010;PONTEIRA COM HAND GRIP EMBORACHADA 1 TECLA;I.20 - VENDAS
777;FWDVCH-011-D;PLACA 2 TECLAS PARA PONTEIRA DIREITA;G.08
778;FWDVCH-011-E;PLACA 2 TECLAS PARA PONTEIRA ESQUERDA;G.08
779;FWDVCP-001;MEC054 - CHAPA PLASTICA TECLADO WEGA;I.19 - VENDAS
780;FWDVCP-002;MEC053  - CHAPA PLASTICA FW219 6 JANELAS GRAFICO WEGA;I.19 - VENDAS
781;FWDVCP-003;MEC061 - CHAPA PLASTICA FW200 5 JANELAS ROTOMOLDADO HIPER;I.19 - VENDAS
782;FWDVCP-004;MEC062 - CHAPA PLASTICA TECLADO FW160 20 TECLAS;I.19 - VENDAS
783;FWDVCP-005;MEC059 - CHAPA PLASTICA FW209 7 JANELAS GRAFICO ESTEIRA RIG;I.19 - VENDAS
784;FWDVCP-006;MEC060 - CHAPA PLASTICA FW209 7 JANELAS GRAFICO BIKE/EL RIG;I.23
785;FWDVCP-007;MEC063 -CHAPA PLASTICA FW203 6 JANELAS SIRIUS;I.19 - VENDAS
786;FWDVCP-008;MEC064 - CHAPA PLASTICA TECLADO SIRIUS;AB-02
787;FWDVCP-009;MEC077 - CHAPA PLASTICA FIXACAO FW500 PARA DISPLAY TOUCH 9.7POL REV2;I.23
788;FWDVCP-010;MEC082 - CHAPA PLASTICA FIXACAO DISPLAY TOUCH 9.7POL ESTEIRA WEGA;I.19 - VENDAS
789;FWDVCP-011;MEC083 - CHAPA PLASTICA FIXACAO FW222 E FW162 7 JANELAS;I.19 - VENDAS
790;FWDVCP-016;MEC078 - CHAPA PLÁSTICA FIXAÇÃO FIXAÇÃO DISPLAY TOUCH 9.7 POL;I.23
791;FWDVCP-017;MEC090 - CHAPA PLASTICA FIXACAO DISPLAY TOUCH PROCULUS 9.7 POL. ASTRO;I.19 - VENDAS
792;FWDVCP-019;CHAPA PLASTICA FIXACAO FW200 5 JANELAS 355 X 248,5 X 3 ASTRO - MEC092;I.19 - VENDAS
793;FWDVCP-022;MEC096 - CHAPA PLASTICA FIXACAO FW159 14 TECLAS BOTÃO EMERG. - BODY;I.23
794;FWDVCP-025;MEC100 - CHAPA PLASTICA FIXACAO FW200 5 JANELAS - BODY - ROTOMOLDADO GRANDE;I.23
795;FWDVCX-001-D;PONTEIRA PLASTICA DIREITA;G.08
796;FWDVCX-001-E;PONTEIRA PLASTICA ESQUERDA;G.08
797;FWDVCX-002-D;SUPORTE PLASTICO INTERNO DA PONTEIRA DIREITA;G.08
798;FWDVCX-002-E;SUPORTE PLASTICO INTERNO DA PONTEIRA ESQUERDA;G.08
799;FWDVDCO-001;DISPOSITIVO DE CONTROLE ENCODER INCREMENTAL DIGITAL;I.03
800;FWDVIM-001;IMA REDONDO DIAM. 17 MM/ESP. 8 MM;G.25
801;FWDVIM-002;IMA REDONDO NEODIMIO DIAM. 10 MM/ESP. 3 MM;G.25
802;FWDVPH-001;PEGA HAND GRIP 92MM;T.01
803;FWDVPH-002;PEGA HAND GRIP 98MM;I.02
804;FWDVPH-003;PEGA HAND GRIP 116MM;I.07
805;FWDVPH-004;PEGA HAND GRIP EMBORACHADA DIAM 36 MM COMP 200 MM;I.07
806;FWDVPH-005;CHAPA PARA PONTEIRA PEGA;G.13
807;FWDVPIB-002;SUPORTE 2 PILHAS 18650 COM RABICHO MOLEX 3 VIAS;I.07
808;FWDVPOL-004;MODULO BATIMENTO HAND GRIP E POLAR;G.09
809;FWDVSE-002;SENSOR DE ORELHA PARA BATIMENTO CARDIACO;H.09
810;FWDVSE-003;SENSOR MAGNETICO COM SUPORTE;H.09
811;FWDVSE-004;SENSOR MAGNÉTICO PARA MONITOR MUSCULAÇÃO ALTO/BAIXO;H.09
812;FWDVSE-005;SENSOR MAGNÉTICO 1 REED INDIVIDUAL 1,5 METROS;H.09
813;FWDVSE-006;SENSOR MAGNETICO PARA MONITOR MUSCULACAO ALTO/BAIXO SUPORTE DE PILHA MICRO FIT 6 VIAS;H.09
814;FWDVSE-007;SENSOR MAGNÉTICO 1 REED INDIVIDUAL 1,5 METROS ALOJAMENTO SERIE 2508;H.09
815;FWDVSE-011;SENSOR MAGNÉTICO PARA MONITOR MUSCULAÇÃO ALTO/MEIO/BAIXO;H.09
816;FWDVSE-012;SENSOR MAGNETICO PARA MONITOR MUSCULACAO ALTO/BAIXO 1 METRO PRETO;H.09
817;FWDVSUP-001;SUPORTE CELULAR;I.04 / I.09 / I.14
818;FWF122-003;PLACA FW122 COM 3 CONECTORES;I.07
819;FWF140-005;PLACA FW140 MOTOR AC DE INCLINACAO;I.23
820;FWF140-006;FONTE FW140 SEM INCLINAÇÃO E SAÍDA RELE AUXILIAR;I.23
821;FWF140-007;PLACA FW140 MOTOR DC BOMBA SILICONE 12V INTERNO;I.08
822;FWF153-003;PLACA FW153 FONTE 12V PAINEL;I.27
823;FWF153-005;PLACA FW153 FONTE 5V ACIONAMENTO VELOCIDADE;PRODUCÃO
824;FWF153-007;PLACA FW153 FONTE 12V PAINEL SEM CAIXA;I.02
825;FWF157-002;PLACA FW157 PARA FONTE CHAVEADA;I.07
826;FWF180-001;PLACA FW180 FONTE 6 SAIDAS USB 5V;I.02
827;FWFCHV-004;FONTE 24V PARA INCLINACAO CHICOTE 35CM;I.22
828;FWFO153-001;FONTE FW153 ENTRADA BIVOLT SAIDA 12V 1A UNIFICADA;I.13
829;FWFOBIV-12V1A-001;FONTE 12 VOLTS 1A P4 POSITIVO CENTRAL;I.12
830;FWFOBIV-5V1A-001;FONTE BIVOLT 5V 1A CONECTOR MINI FIT JR;I.08
831;FWFOBIV-6V1A-001;FONTE BIVOLT 6V 1A PLUG P4 POSITIVO CENTRAL ( FNT022);I.12
832;FWFOBIV-9V1A-001;FONTE BIVOLT 9V 1A PLUG P4 POSITIVO CENTRAL;I.17
833;FWFOGER-201B;PLACA FONTE PARA FREIO GERADOR 201B;G.05 / G.10 / G.15 / G.20
834;FWFOGER-20431;PLACA FONTE PARA FREIO GERADOR 20431;G.05
835;FWFOGER-GREEN;PLACA FONTE PARA FREIO GERADOR GREEN;G.05
836;FWFOUSB-5V2A-001;FONTE CARREGADOR PARA EMBUTIR ENTRADA 12V SAIDA USB DUPLA 5V 1A /2.1A;I.03
837;FWFRGER-BI242;FREIO GERADOR 242 MM BI-DIRECIONAL PARA ELIPTICO;EXP.02
838;FWFRGER-UNI242;FREIO GERADOR 242 MM UNI-DIRECIONAL PARA BICICLETA;EXP.01
839;FWFRGREEN-250;FREIO GREEN 250 MM PARA BICICLETA ELIPTICO;EXP.03
840;FWFRMAG-250;FREIO MAGNETICO 250 MM PARA BICICLETA ELIPTICO;EXP.02
841;FWFRMAG-327;FREIO MAGNETICO 327 MM PARA BICICLETA ELIPTICO;EXP.02 - VENDAS
842;FWFTRA-005;TRANSFORMADOR 9V COM CONECTOR MINI FIT / ALOJAMENTO 2507 2 VIAS;I.23
843;FWI110-001;PLACA FW110;G.24
844;FWI135-001;PLACA FW135-1 WEGA R9;G.16
845;FWI135-002;PLACA FW135-2 WEGA I9;G.16
846;FWI135-004;PLACA FW135-4;G.21
847;FWI135-005;PLACA FW135 WEGA SR9/SI9/SL9;G.21
848;FWI149-002;PLACA FW149 ADAPTADOR INVERSOR CFW10 COM CONECTOR MINI FIT JR 2 VIAS PARA FONTE;I.08
849;FWI152-001;PLACA FW152 INTERFACE TECLADO TOUCH;I.11
850;FWI181-001;MODULO TRANSMISSOR FW181 WIFI E BLUETOOTH;I.02
851;FWI182-001;INTERFACE FW182 ALIMENTACAO E BATIMENTO ADAPTADORA FW215;CF-03
852;FWMTGB-001;MOTOR DE TRACAO PARA FREIO MAGNETICO - MODELO B;G.30
853;FWMTGB-002;MOTOR DE TRACAO PARA FREIO MAGNETICO CONSOLE 344;I.05 - VENDAS
854;FWMTGB-003;MOTOR DE TRACAO PARA FREIO MAGNETICO - MODELO D;I.20 - VENDAS
855;FWP200-HVM-005;PLACA FW200 5 JANELAS HAND GRIP SEM TECLA;H.17
856;FWP200-HVM-007;PLACA FW200 5 JANELAS HAND GRIP SEM TECLA MOLEX 4VIAS;H.01
857;FWP200-HVM-009;PLACA FW200 5 JANELAS HAND GRIP COM TECLA 12X12;H.01
858;FWP200-HVM-010;PLACA FW200 5 JANELAS HAND GRIP SEM TECLA SEM FONTE DISP INVERTIDO;H.01
859;FWP200-HVM-011;PLACA FW200 5 JANELAS HAND GRIP SEM TECLA SEM FONTE;H.01
860;FWP203-HVM-003;PLACA FW203 6 JANELAS HAND GRIP (DISPLAY EMBAIXO);H.22
861;FWP203-HVM-004;PLACA FW203 6 JANELAS HAND GRIP (DISPLAY CENTRO);H.06
862;FWP203-HVM-007;PLACA FW203 5 JANELAS HAND GRIP VERMELHO;H.11
863;FWP203-HVMI-005;PLACA FW203 7 JANELAS HAND GRIP E INCLINACAO;H.06
864;FWP203-HVMI-007;PLACA FW203 7 JANELAS HAND GRIP E INCLINACAO - SEM FONTE - MVT;H.06
865;FWP203-HVMI-008;PLACA FW203 7 JANELAS HAND GRIP E INCLINACAO - MVT;H.11
866;FWFO153-002;FONTE FW153 ENTRADA BIVOLT SAIDA 12V 1A E 24V 0,1A;I.22
867;FWP213-XVM-001;PLACA FW213 3 JANELAS VERMELHO;H.02
868;FWP215-HVM-001;PLACA FW215 5 JANELAS HAND GRIP DISPLAY 1,2;H.17
869;FWP217-HVM-004;PLACA FW217 3 JANELAS HAND GRIP VERMELHO PEMN1-03 SEM FONTE;H.07
870;FWP218-HVMI-003;PLACA FW218 5 JANELAS HAND GRIP VERMELHO MEC INCLINACAO;H.07
871;FWP219-HAM-002;PLACA FW219 5 JANELAS HAND GRIP AMBAR SEM GRAFICO;H.07
872;FWP219-HAMI-002;PLACA FW219 6 JANELAS HAND GRIP AMBAR INCLINACAO 3 DIGITOS;I.04 - VENDAS
873;FWP219-HVMI-001;PLACA FW219 6 JANELAS HAND GRIP VERMELHO COM INCLINACAO;H.07
874;FWP219-HVMI-002;PLACA FW219 6 JANELAS HAND GRIP VERMELHO COM INCLINACAO 3 DIGITOS;I.04 - VENDAS
875;FWP221-XCZ-001;PLACA FW221 2 JANELAS DISPLAY LCD CINZA CONTADOR MUSCULACAO;H.11
876;FWP222-HAZ-001;PLACA FW222 5 JANELAS HAND GRIP AZUL ESCADA;H.21
877;FWP222-HAZ-002;PLACA FW222 5 JANELAS HAND GRIP AZUL;H.21
878;FWP222-HAZ-003;PLACA FW222 5 JANELAS HAND GRIP AZUL SEM GRAFICO;H.26
879;FWP222-HAZI-001;PLACA FW222 6 JANELAS HAND GRIP AZUL COM INCL;H.16
880;FWP223-XCZ-001;PLACA FW223 2 JANELAS DISPLAY;H.12
881;FWP224-HAZ-001;PLACA FW224 5 JANELAS AZUL HAND GRIP;H.26
882;FWP225-HAZ-001;PLACA FW225 6 JANELAS AZUL HAND GRIP;H.26
883;FWP226-HAZ-001;PLACA FW226 6 JANELAS HAND GRIP AZUL BIKE;H.26
884;FWP305-XVM-001;PLACA FW305 DIGITO 7 SEGMENTOS LED 5 MM VERMELHO MODELO A (S3);H.02
885;FWP305-XVM-002;PLACA FW305 DIGITO 7 SEGMENTOS LED 5 MM VERMELHO MODELO B (S4);H.02
886;FWP305-XVR-001;PLACA FW305 DIGITO 7 SEGMENTOS LED 5 MM VERDE MODELO C (S1);H.02
887;FWP305-XVR-002;PLACA FW305 DIGITO 7 SEGMENTOS LED 5 MM VERDE MODELO D (S2);H.02
888;FWT145-14F-001;TECLADO FW145 14 TECLAS 12X12X8,5 CONEC. 3 E 5 VIAS;I.11
889;FWT156-14F-001;TECLADO FW156 14 TECLAS 12X12X8,5 CONEC. MOLEX 9 VIAS E CONC. PENCI 4 VIAS;I.21
890;FWT158-TO-001;TECLADO FW158 4 TECLAS TOUCH CONECTOR PEF 6 VIAS - EL06;I.01
891;FWT159-12F-001;TECLADO FW159 12 TECLAS 12X12X8,5 CONEC. 9 VIAS;I.16
892;FWT159-13F-002;TECLADO FW159 13 TECLAS 12X12X8,5 CHIC 45 CM CONEC. 3 E 5 VIAS;I.21
893;FWT159-13G-001;TECLADO FW159 13 TECLAS 12X12X12 CONEC. 3 E 5 VIAS;I.06
894;FWT159-14F-002;TECLADO FW162 6 TECLAS 12X12X4,3 CONEC. 6VIAS 30 CM;I.26
895;FWT159-14G-001;TECLADO FW159 14 TECLAS 12X12X12 CONEC. 3 E 5 VIAS;I.06
896;FWT159-14G-002;TECLADO FW159 14 TECLAS 12X12X12 CONEC. 3 E 5 VIAS 60 CM;I.06
897;FWT159-8F-002;TECLADO FW159 8 TECLAS 12X12X8,5 CONEC. 6 VIAS FW217;I.26
898;FWT160-14F-001;TECLADO FW160 14 TECLAS 12X12X8,5 CONEC. 9 VIAS;I.26
899;FWT160-14F-002;TECLADO FW160 14 TECLAS 12X12X8,5 CONEC. 9 VIAS;I.21
900;FWT160-18F-001;TECLADO FW160 18 TECLAS 12X12X8,5 CONEC. 9 VIAS;I.30 - VENDAS
901;FWT162-6H-001;TECLADO FW162 6 TECLAS 12X12X4,3 CONEC. 6 VIAS - EL0212;I.01
902;FWT162-6H-002;TECLADO FW159 14TECLAS 12X12X8,5 CONEC. 9 VIAS;I.11
903;FWT165-2F-001;TECLADO FW165 2 TECLAS 12X12X8,5 CONEC. 3 VIAS MICRO FIT;I.01
904;FWT165-6G-001;TECLADO FW165 6 TECLAS 12X12X12 CONEC. 9 VIAS;PRODUÇÃO
905;FWT178-14F-001;TECLADO FW178 14 TECLAS 12X12X8,5 CONEC. MOLEX 9 VIAS E CONC. PENCI 4 VIAS;I.01
906;FWT183-15F-001;TECLADO FW183 15 TECLAS 12X12X8,5 CONEC. 9 VIAS MOLEX;I.11
907;FWT184-14F-001;TECLADO FW184 14 TECLAS 12X12X8,5 CONEC. 9 VIAS MINI MODU;I.06
908;FWT185-14F-001;TECLADO FW185 14 TECLAS 12X12X8,5 CONEC. 9 VIAS MINI MODU;I.06
909;FWU001-002;PLACA CPUGPGT WEGA I9/R9;G.24
910;FWU500-HRS-002;PLACA FW500 HAND GRIP RS232 CONECTOR 90 GRAUS TECLADO;H.12
911;ILC000-MON-003;CENTRAL ILUMINACAO LM100 - LED MONOCROMATICO - 12V-2A;I.05 - VENDAS
912;ILC207-MON-002;CENTRAL ILUMINACAO LM200 - LED MONOCROMATICO - 36W (12V-3A);I.15 - VENDAS
913;ILC207-RGB-003;CENTRAL ILUMINACAO LM202NC - LED RGB NEGATIVO COMUM - 36W (12V-3A);I.10 - VENDAS
914;ILC207-RGB-004;CENTRAL ILUMINACAO LM202PC - LED RGB POSITIVO COMUM - 36W ;I.30 - VENDAS
915;ILCLT-001;CHICOTE PARA TECLADO RP208;G.24
916;ILL010-001;Lampada UVC 60 W - SmartLight 1060;T.01
917;ILR000-AZ-002;LM10 - REFLETOR AZUL 80MM 9W CORPO BRANCO;I.05 - VENDAS
918;ILR000-AZ-003;LM11 - REFLETOR AZUL 125MM 9W CORPO BRANCO;I.10 - VENDAS
919;ILR000-AZ-006;LM14 - REFLETOR AZUL 63MM 3W CORPO AZUL;G.09
920;ILR000-BR-002;REFLETOR BR 6W EX PL PT;I.10 - VENDAS
921;ILR000-RGB-001;LM20 - REFLETOR RGB 80MM 9W CORPO BRANCO;I.25 - VENDAS
922;ILR000-RGB-002;LM21 - REFLETOR RGB 125MM 9W CORPO BRANCO;I.25 - VENDAS
923;ILR000-RGB-005;LM24 - REFLETOR RGB 63MM 3W CORPO BRANCO;I.10 - VENDAS
924;ILR000-RGB-006;LM25 - REFLETOR RGB 130MM 9W CORPO BRANCO;I.14 - VENDAS
925;ILR000-RGB-007;LM26 - REFLETOR RGB 130MM 12W CORPO BRANCO;G.09
926;ILR000-VD-001;REFLETOR VD 6W EX PL VR;I.20 - VENDAS
927;KIT-CAU104A;PLACA CAU104A (KIT PARA MONTAGEM SMD);CF-03
928;KIT-FW140E;PLACA FW140 (KIT PARA MONTAGEM SMD);CE-03
929;KIT-FW153;PLACA FW153 (KIT PARA MONTAGEM SMD);CF-03
930;KIT-FW200;PLACA FW200K (KIT PARA MONTAGEM SMD);CE-03
931;KIT-FW203;PLACA FW203H (KIT PARA MONTAGEM SMD);CF-03
932;KIT-FW215;PLACA FW215 (KIT PARA MONTAGEM SMD);CF-03
933;KIT-FW217-03;PLACA FW217E (KIT PARA MONTAGEM SMD MEC);CF-03
934;KIT-FW219 -B;KIT FW;CE-03
935;KIT-FW221;PLACA FW221 (KIT PARA MONTAGEM SMD);CE-03
936;KIT-FW222;PLACA FW222 (KIT PARA MONTAGEM SMD);CF-03
937;KIT-FW226;PLACA FW226 (KIT PARA MONTAGEM SMD);CE-03
938;KIT-FW401B;PLACA FW401 (KIT PARA MONTAGEM SMD);CE-03
939;KIT-FW500;PLACA FW500 (KIT PARA MONTAGEM SMD);CF-03
940;KIT-TRD-ESP;PLACA TRD-ESP (KIT PARA MONTAGEM SMD);CE-03
941;KNOBYL-100;KNOBYL-100;G.14
942;KNOBYL-100 INVERTIDO;KNOBYL-100 INVERTIDO;G.14
943;MBA001;MEMBRANA REF: MRI 023 TRD 2000;OBSOL - A6
944;MBA004;MEMBRANA EXPORTACAO COSTA CONVERSOR;OBSOL - A6
945;MBA005;MEMBRANA PFW200 PAINEL 5 JANELAS;OBSOL - A5
946;MBA006;MEMBRANA ADEZIVA P MALETA REF: MP80;OBSOL - A6
947;MBA010;MEMBRANA REF: MRI 005 TRD MILLENNIUM;OBSOL - A6
948;MBA011;MEMBRANA REF: MRI 006 N. DE SERIE TRD;BG-03
949;MBA012;MEMBRANA REF: MRI 007 SELO DE GARANTIA;EXPEDIÇÃO
950;MBA014;MEMBRANA REF: MRI 009 FRENTE CONVERSOR;OBSOL - A6
951;MBA017;MEMBRANA REF: MRI 017 TRD216;OBSOL - A6
952;MBA018;MEMBRANA REF: MRI 026 CLFW2CV.1;OBSOL - A5
953;MBA019;MEMBRANA REF: MRI 027 CLFIW2CV;OBSOL - A5
954;MBA020;MEMBRANA REF: MRI 028 CLFW0,75CV;OBSOL - A5
955;MBA021;MEMBRANA REF: MRI 036 ETIQUETA CONCENTRADOR RS485;OBSOL - A6
956;MBA022;MEMBRANA REF: MRI 037 ETIQUETA VINIL ADP-COD;OBSOL - A6
957;MBA023;MEMBRANA REF: MRI 038 ETIQUETA VINIL WF100;OBSOL - A5
958;MBA024;ETIQUETA REF: MRI 039 ETIQUETA COMP WF100;OBSOL - A6
959;MBA027;MEMBRANA 6 TECLAS PAINEL PFW207;OBSOL - A5
960;MBA028;MEMBRANA REF: MRI ETIQUETA VINIL CODE X;OBSOL - A6
961;MBA029;MEMBRANA REF: MRI 020 COSTA CONVERSOR KORTH;OBSOL - A6
962;MBA030;MEMBRANA REF: MRI 021 FRENTE CONVERSOR KORTH;OBSOL - A6
963;MBA031;MEMBRANA PFW207 PAINEL 4 JANELAS;OBSOL - A5
964;MBA036;MEMBRANA REF: MRI 045 WF110;OBSOL - A6
965;MBA039;MEMBRANA REF: MRI 050 ETIQUETA VINIL WF110 RS;OBSOL - A6
966;MBA044;MEMBRANA FRONTAL FW206 POLICARBONATO EQUIBOARD;BG-03
967;MBA045;ETIQUETA ADESIVA REF. MRI 054 ADP485;OBSOL - A6
968;MBA046;MEMBRANA REF: MRI 053 TECLADO ZACCARIA;OBSOL - A6
969;MBA047;ETIQUETA ADESIVA REF. MRI 055 IDENT. TERMINAIS;OBSOL - A5
970;MBA049;ETIQUETA VINIL ADESIV. CIRC. PRETO REF.MRI 060;OBSOL - A5
971;MBA060;BORRACHA POLIETILENO ADESIVADA 6X26 MM;DA-02
972;MBA061;BORRACHA POLIETILENO ADESIVADA 3X30 MM;DA-02
973;MBA064;MICA ISOLANTE TO220;CD-01
974;MBA065;ETIQUETA HENRIMAR COND GARANT/INFORM AD DESTRUTIVEL REF. MRI 065;OBSOL - A5
975;MBA066;TECLADO MEMBRANA FITNESSWARE 8 TECLAS PFW200 REV1;OBSOL - A5
976;MBA074;TECLADO MEMBRANA FWCO360 REV1;BG-03
977;MBA083;ETIQUETA FONTE FW153 AC 127V 220V;OBSOL - A5
978;MBA085;MEMBRANA FRONTAL CONVERSOR USB/RS485;OBSOL - A6
979;MBA091;TECLADO MEMBRANA VITALLY 14 TECLAS;OBSOL - A5
980;MBA092;ETIQUETA FONTE FW153 AC 127V 220V 12V 1A CX PB-107 REV1;BG-03
981;MBA094;MEMBRANA REF: MRI 074 ETIQUETA VINIL WF200;OBSOL - A6
982;MBA097;MEMBRANA FRONTAL CONSOLE FW200;BG-03
983;MBA098;TECLADO MEMBRANA CONSOLE FW200 12 TECLAS;BG-03
984;MBA100;ETIQUETA FONTE FW153 AC 127V 220V 5V 1A;OBSOL - A5
985;MBA101;TECLADO MEMBRANA TRD-T32EX;OBSOL - A5
986;MBA103;MEMBRANA FRONTAL LM201 REV1;OBSOL - A5
987;MBA104;MEMBRANA FRONTAL LM202-NC REV1;OBSOL - A5
988;MBA105;MEMBRANA FRONTAL LM202-PC REV1;OBSOL - A5
989;MBA106;MEMBRANA FRONTAL LM100 REV1;OBSOL - A5
990;MBA108;MEMBRANA FRONTAL CONSOLE FW217;BG-03
991;MBA110;MEMBRANA FRONTAL AVD-1000 REV1;BG-03
992;MBA113;MEMBRANA FRONTAL CONSOLE FW200 GENERICO REV2;BG-03
993;MBA115;MEMBRANA 8 TECLAS CONSOLE FW217 GENERICO REV2;BG-03
994;MBA116;MEMBRANA KNOB - CONTROLADOR TENSAO/ESFORCO;BG-03
995;MBA117;MEMBRANA FRONTAL CONSOLE FW217 GENERICO REV1;BG-03
996;MBA121;MEMBRANA FRONTAL CONSOLE FW223 GENERICO REV1;BG-03
997;MBA122;MEMBRANA FRONTAL CONSOLE FW223 LIFE FITNESS REV1;I.25 - VENDAS
998;MBA123;MEMBRANA FRONTAL CONSOLE FW223 SMART FIT REV1;I.25 - VENDAS
999;MBA124;MEMBRANA FRONTAL CONSOLE FW223 BLUE FIT REV1;I.25 - VENDAS
1000;MBA125;MEMBRANA FRONTAL DISPOSITIVO DE CONTROLE ENCODER INCREMENTAL DIGITAL REABILITACAO;BG-03
1001;MBA126;MEMBRANA FRONTAL PAINEL TECLADO FW222 INCLINACAO GENERICO REV 7;OBSOL - A5
1002;MBA127;MEMBRANA FRONTAL PAINEL TECLADO FW222 GENERICO (COMPRAR REV 8);OBSOL - A5
1003;MBA128;MEMBRANA PAINEL E TECLADO FW203 FW156 7 JANELAS 320 x 234 - INCLINACAO;BG-03
1004;MBA129;MEMBRANA PAINEL E TECLADO FW203 FW156 6 JANELAS 320 x 234;BG-03 / OBSOL - A5
1005;MBA131;ETIQUETA INTERFACE FW175 RECEPTOR;BG-03
1006;MBA133;MEMBRANA PAINEL E TECLADO FW203 FW156 6 JANELAS 299 x 213;BG-03
1007;MBA135;MEMBRANA CHAPA TRASEIRA TRD T32EWC REV1;BG-03
1008;MBA136;TECLADO MEMBRANA TRD-T32EWC;BG-03
1009;MBA137;MEMBRANA PAINEL FW306 106X55 ESTEIRA KIDS;BG-03
1010;MCM001;MODULO RECEPTOR ASK 433 MHZ RXD1;CC-02
1011;MCM003;CONTROLE REMOTO PA GENNO SAW 433 MHZ - PRETO;I.25 - VENDAS
1012;MCM004;CONTROLE REMOTO PA GENNO TX TECH 433MHZ - PRETO;I.25 - VENDAS
1013;MCM005;MODULO SENSOR HAND GRIP SH601-MO-T (VISTA);BG-02
1014;MCM006;MODULO ANTENA POLAR 5 KHZ;I.05 - VENDAS
1015;MCM012;CONTROLE REMOTO INFRAVERMELHO 5 TECLAS;I.15 - VENDAS
1016;MCM015;MODULO HIBRIDO HAND GRIP E POLAR (VISTA);CC-02
1017;MCM020;MODULO PLACA DOIT ESP32 ESP-WROOM-32 WIFI BLUETOOTH;CC-02
1018;MCM021;MODULO REAL TIME CLOCK - RTC - DS1307;CC-02
1019;MCM022;SENSOR TILT / SENSOR DE INCLINACAO SW-520D;G.14
1020;MCM024;MODULO PLACA RU101 COM LEDs MONTADOS;G.04
1021;MCM025;POTENCIOMETRO ENCODER ROTATIVO SEM FIM COM 3 TERMINAIS;DF-02 / OBSOL - A03
1022;MCM027;MODULO PLACA ESP32-S2-SAOLA-1R;CC-02
1023;MCM029;MODULO BWT61P - BLE;CC-02
1024;MCM032;MODULO ETHERNET - W5500;DF-02
1025;MCM033;CONTROLE REMOTO CODE LEARN 433,92 MHZ 4 CANAIS 7X4,5X1,5;G.14
1026;MCM037;SENSOR CONTROLADOR DE CARGA BATERIA ION LITHIUM 3,7V 3A 2 CELULAS - FDC-2S-2;CC-02
1027;MCM038;MODULO CARREGADOR DE CELULAR SEM FIO POR INDUCAO 5V BOBINA SIMPLES QUADRADA;DB-03
1028;MCM039;MODULO CARREGADOR DE CELULAR SEM FIO POR INDUCAO 12V BOBINA DUPLA QUADRADA;DB-03
1029;MCM040;MODULO PLACA ESP32S2DEVKITM1N4R;DB-03
1030;MCM041;MODULO PLACA ESP32S2DEVKITM1UN4R2;DB-03
1031;MCV003;MICROMOTOR VIBRATORIO DC 4,8X16 MM (VIBRACALL);G.14
1032;MEC014;DISSIPADOR ALUMINIO DM812K;CC-02
1033;MEC015;DISSIPADOR EM L;CC-02
1034;MEC016;DISSIPADOR;CC-02
1035;MEC045;CALCO PLASTICO PARA DISPLAY (55X10X2MM);LINHA
1036;MEC046;CHASSI PARA CABO ENERGIA, CHAVE E FUSIVEL;AA-03
1037;MEC048;CHP004 CHAPA CONSOLE FW360;AB-02
1038;MEC049;ANEL ORING 2048;OBSOL - A3
1039;MEC056;CHP003 CHAPA FW200 5 RASGOS ROTOMOLDADO REV2;AB-02
1040;MEC065;CHAPA ACO PARA PLACA FW161;AB-02
1041;MEC068;CHP015 CHAPA FW200 5 RASGOS X3;AB-02
1042;MEC069;BUCHA DA ALETA 8921;OBSOL - A3
1043;MEC070;PINO FIXACAO PAINEL 9455;OBSOL - A3
1044;MEC071;IMA REDONDO 22X10 MM;G.25
1045;MEC072;CHP016 CHAPA FW217 3 RASGOS ROTOMOLDADO;AC-02
1046;MEC073;CHP017 CHAPA FW203 7 RASGOS ROTOMOLDADO;AC-02
1047;MEC075;IMA 22X17X10 MM;G.25
1048;MEC077;CHP020 CHAPA DISPLAY TOUCH 9,7POL REV2;AE-02
1049;MEC078;CHP019 CHAPA PAINEL DISPLAY TOUCH 9,7POL;AD-02
1050;MEC079;CALCO NYLON 17mm Diametro x 22mm Comprimento;CC-02
1051;MEC080;IMA REDONDO 17X8 MM COM SUPORTE;G.25
1052;MEC085;CHP024 CHAPA FW203 E FW156 7 RASGOS 320 x 233 x 3 REV6;AC-02
1053;MEC086;TUCHO NYLON 8 X 10,5mm (D X C);CC-02
1054;MEC087;CHP025 CHAPA FW140 E FW153190 x 130 x 3 REV2;AC-02
1055;MEC088;CHP026 CHAPA FW203 E FW156 7 RASGOS 299 x 213 x 3 REV2;AD-02
1056;MEC091;CHP028 CHAPA PAINEL FW222 7 RASGOS 355 X 248,5 X 3 REV3;AD-02
1057;MEC096;CHP032 CHAPA TECLADO FW159 14 TECLAS BOTÃO EMERGENCIA 405X140X3;AE-02
1058;MEC098;CHP034 CHAPA PAINEL FW203 7 RASGOS E TECLADO FW178 - BOTAO DE EMERGENCIA 684X186X3 REV6;AC-02
1059;MEC099;TUCHO NYLON 6 X 19mm (D X C);CC-02
1060;MEC101;CHP036 CHAPA PAINEL FW200 5 RASGOS - 420X160X3 ASTRO FITNESS REV3;AE-02
1061;MEC102;TUCHO PLASTICO 8 X 30mm (D X C);CC-02
1062;MEC107;CHP041 CHAPA TECLADO FW159 14 TECLAS ASTRO FITNESS;AE-02
1063;MPA001;ALCOOL ISOPROPILICO;DF-03
1064;MPA003;SOLDA 63X37 CS VERGAS 18X8X400 MM;DD-03
1065;MPA004;SOLDA 63X37 FIO 0,8MM RESINOSO;DD-03
1066;MPA005;CLEANER SOFT;DF-03
1067;MPA007;SOLDA 63X37 FIO 0,5MM RESINOSO;DD-03
1068;MPA024;PONTA CONICA DE ESTAÇÃO DE SOLDA 0,4MM;DE-03
1069;MPA025;PONTA CONICA DE ESTAÇÃO DE SOLDA 1,0 MM;DE-03
1070;MPA028;FITA CREPE;DD-03
1071;MPA031;ARAME EXTRUSADO;DD-03
1072;MPA032;MALHA DESSOLDADORA;DE-03
1073;PARAFUSO 3,5X19 MM;PARAFUSO AA PA PH 3,5X19 MM;OBSOL - TETO
1074;PCI 399;PCI PLACA FW183;AF-03
1075;PCI005;PCI PLACA CPUGPGTA;AG-03
1076;PCI007;PCI PLACA FW114B;AG-03
1077;PCI008;PCI PLACA FW123A;AG-03
1078;PCI010;PCI PLACA FW210;AG-03
1079;PCI011;PCI PLACA CPUEST1D;AG-03
1080;PCI021;PCI PLACA ALD08;AG-03
1081;PCI022;PCI PLACA APDGP32C8 A;AG-03
1082;PCI028;PCI PLACA COZA1B;AG-03
1083;PCI033;PCI PLACA F5V12V;AG-03
1084;PCI038;PCI PLACA FW110C;AG-03
1085;PCI045;PCI PLACA FW129;AG-03
1086;PCI046;PCI PLACA FW130;AG-03
1087;PCI048;PCI PLACA FW133A;AG-03
1088;PCI054;PCI PLACA FW208;AG-03
1089;PCI067;PCI PLACA MP80A;AG-03
1090;PCI074;PCI PLACA RS485A;AC-04
1091;PCI075;PCI PLACA RT100A;AG-03
1092;PCI076;PCI PLACA RT200A;AG-03
1093;PCI079;PCI PLACA FW213;AG-03
1094;PCI080;PCI PLACA BMT 100C1;AG-03
1095;PCI081;PCI PLACA BMT 100E R1;AG-03
1096;PCI082;PCI PLACA BMT 100R;AG-03
1097;PCI083;PCI PLACA BMT 100T;AG-03
1098;PCI084;PCI PLACA BMT 100F;AG-03
1099;PCI088;PCI PLACA FW212;AG-03
1100;PCI102;PCI PLACA FW211A;AG-03
1101;PCI120;PCI PLACA FW138;AG-03
1102;PCI146;PCI PLACA BMT 100C2;AG-03
1103;PCI148;PCI PLACA CFB01D;AG-03
1104;PCI149;PCI PLACA FW116D;AG-03
1105;PCI153;PCI PLACA EL1007;AG-03
1106;PCI154;PCI PLACA EL1011;AG-03
1107;PCI155;PCI PLACA EL1013;AG-03
1108;PCI164;PCI PLACA RP200A;AG-03
1109;PCI167;PCI PLACA FW146;AG-03
1110;PCI174;PCI PLACA FW147 CONEXAO USB TABLET;AG-03
1111;PCI175;PCI PLACA CFB05;AG-03
1112;PCI178;PCI PLACA CFB04D;AC-04
1113;PCI179;PCI PLACA RP201 (FIBRA DUPLA FACE 85);AG-03
1114;PCI180;PCI PLACA RP201A (FIBRA DUPLA FACE 87);AG-03
1115;PCI182;PCI PLACA RP202 (FIBRA DUPLA FACE 87);AG-03
1116;PCI186;PCI PLACA FW145A;AD-03
1117;PCI197;PCI PLACA RP204A;AG-03
1118;PCI198;PCI PLACA FW149;AC-03
1119;PCI201;PCI PLACA MBZ-PT;AG-03
1120;PCI204;PCI PLACA RP206;AG-03
1121;PCI206;PCI PLACA FW150;AG-03
1122;PCI207;PCI PLACA FW151;AG-03
1123;PCI208;PCI PLACA FW152A;AG-03
1124;PCI209;PCI PLACA LPFCO01;AC-04
1125;PCI211;PCI PLACA DSCON01;AC-04
1126;PCI213;PCI PLACA RP207A;AB-03 / AG-03
1127;PCI214;PCI PLACA RP208;AG-03
1128;PCI215;PCI PLACA FW216;AG-03
1129;PCI217;PCI PLACA 8LEDA;AD-04
1130;PCI220;PCI PLACA FW217A;AG-03
1131;PCI224;PCI PLACA TRD2F;OBSOL - A1
1132;PCI227;PCI PLACA CEC100A (COMPRAR VERSAO B);AG-03
1133;PCI228;PCI PLACA FW218C;AE-04
1134;PCI229;PCI PLACA FW155;AC-03
1135;PCI233;PCI PLACA WF100C;AC-04 / OBSOL A1
1136;PCI234;PCI PLACA RP112;AG-03
1137;PCI235;PCI PLACA RP113;AG-03
1138;PCI240;PCI PLACA FW158;AG-03
1139;PCI241;PCI PLACA GOZ01;AG-03
1140;PCI242;PCI PLACA FW156E;AE-03
1141;PCI243;PCI PLACA RP114;AG-03
1142;PCI244;PCI PLACA RP115;AG-03
1143;PCI245;PCI PLACA FW135B;AF-04
1144;PCI250;PCI PLACA ADPWF100;AC-04 / OBSOL A1
1145;PCI251;PCI PLACA FW159;AD-03
1146;PCI253;PCI PLACA ADP-ATRD;AC-03 / OBSOL A1
1147;PCI257;PCI PLACA LPCPU02;AG-03
1148;PCI258;PCI PLACA LPTEC01;AG-03
1149;PCI260;PCI PLACA ADPFW217A;AG-03
1150;PCI262;PCI PLACA FW163;AE-03
1151;PCI264;PCI PLACA FW165;AE-03
1152;PCI266;PCI PLACA FW161;AC-03
1153;PCI267;PCI PLACA LPCPU03;AG-03
1154;PCI271;PCI PLACA FW162A;AD-04
1155;PCI274;PCI PLACA FW166-E;AE-03
1156;PCI277;PCI PLACA FW168;AE-03
1157;PCI278;PCI PLACA TRD-K64E;OBSOL - A1
1158;PCI279;PCI PLACA FW122F;AF-04
1159;PCI280;PCI PLACA FW157B;AC-03
1160;PCI283;PCI PLACA FW221;AD-04
1161;PCI285;PCI PLACA FW171;AC-03
1162;PCI288;PCI PLACA FW172A;AF-03
1163;PCI294;PCI PLACA FW500E;AC-03
1164;PCI296;PCI PLACA AVD100C;AC-04
1165;PCI297;PCI PLACA IUSB-TRD;OBSOL - A1
1166;PCI298;PCI PLACA RU100;G.04
1167;PCI299;PCI PLACA CAU102;AC-04
1168;PCI300;PCI PLACA LPCPU03B (COMPRAR VERSAO C);AG-03
1169;PCI301;PCI PLACA FW166-D;AE-03
1170;PCI303;PCI PLACA IUSBP-TRD;OBSOL - A1
1171;PCI305;PCI PLACA FW117;AG-03
1172;PCI306;PCI PLACA FW223 (COMPRAR VERSAO A);AD-04
1173;PCI310;PCI PLACA FW217E;AB-04
1174;PCI311;PCI PLACA FW224A;AF-04
1175;PCI312;PCI PLACA FW225A;AC-03
1176;PCI313;PCI PLACA FW173-D;AC-03
1177;PCI314;PCI PLACA FW173-E;AC-03
1178;PCI315;PCI PLACA CAU103A (COMPRAR VERSAO B);AC-04
1179;PCI316;PCI PLACA CAU104C;AC-04
1180;PCI317;PCI PLACA FW305B;AC-04
1181;PCI323;PCI PLACA CAU105;AC-04
1182;PCI324;PCI PLACA FW203H;AG-04
1183;PCI327;PCI PLACA FW219D;AF-04
1184;PCI328;PCI PLACA CAU100;AC-04
1185;PCI329;PCI PLACA FW134;AE-04
1186;PCI332;PCI PLACA FW175 (COMPRAR VERSAO A);AC-03
1187;PCI333;PCI PLACA FW174;AC-03
1188;PCI337;PCI PLACA FW306 (COMPRAR VERSAO A);AD-04
1189;PCI338;PCI PLACA IESP-TRD;AB-04
1190;PCI341;PCI PLACA FW140E;AF-03
1191;PCI342;PCI PLACA CAU101;AC-04
1192;PCI346;PCI PLACA CAU106;AC-04
1193;PCI347;PCI PLACA ETHERNET W5500;AD-04
1194;PCI349;PCI PLACA CAU107;AC-04
1195;PCI352;PCI PLACA FW177B;AC-03
1196;PCI353;PCI PLACA FW179;AC-03
1197;PCI354;PCI PLACA FW178;AE-03
1198;PCI361;PCI PLACA THD100 TERMO HIGROMETRO DIGITAL;AB-03
1199;PCI362;PCI PLACA FW222F (COMPRAR VERSAO G);AG-04
1200;PCI368;PCI PLACA FW153H (COMPRAR VERSAO I);AE-04
1201;PCI370;PCI PLACA FW217F;AB-04
1202;PCI371;PCI PLACA FW226B;AF-04
1203;PCI373;PCI PLACA FW226C;AF-04
1204;PCI374;PCI PLACA FW153I;AE-04
1205;PCI376;PCI PLACA FW200M;AE-04
1206;PCI379;PCI PLACA FW215H;AG-04
1207;PCI387;PCI PLACA TRD-ESPD;AB-04
1208;PCI395;PCI PLACA FW182;AD-03
1209;PCI399;PCI PLACA FW183;AF-03
1210;PCI400;PCI PLACA FW184;AF-03
1211;PCI401;PCI PLACA FW185;AF-03
1212;PEF011;PORCA SEXTAVADA 2,5 MM (M2,5 MA 0,45 CH5 ZB);BD-02
1213;PEF012;PARAFUSO MQ CH PH 3X12 MM;BD-02
1214;PEF013;PORCA SEXTAVADA MA 3MM-ZB (M3 MA0 5FCH5 5 ZB);BD-02
1215;PEF015;PARAFUSO MQ CH PH 3X20 MM;BD-02
1216;PEF017;ABRACADEIRA T18;CB-01
1217;PEF019;PARAFUSO AA PA PH 2,9X13 MM;BD-02
1218;PEF021;PARAFUSO AA CH PH 2,9X16 MM;BD-02
1219;PEF022;PARAFUSO MQ CH PH 2,5X16 MM;BD-02
1220;PEF023;PARAFUSO MQ CH PH 3X8 MM RM;BD-02
1221;PEF025;PARAFUSO AA CH PH 2,9X19 MM;OBSOL - A5
1222;PEF026;PARAFUSO AA PA PH 2,9X6,5 MM;BD-02
1223;PEF029;PARAFUSO MQ CH PH 3X6 MM RM;BD-02
1224;PEF032;PARAFUSO MQ CL PH 2X12 MM;OBSOL - A5
1225;PEF033;PARAFUSO MQ CL PH 4X30 MM;OBSOL - A5
1226;PEF036;PORCA (4 MM) ST M$ MA 0,70F CH7 ZC;OBSOL - A5
1227;PEF038;PARAFUSO MQ CH PH 3X8 MM INOX (MBZ-1);OBSOL - A5
1228;PEF039;PARAFUSO MQ PA PH 4X12 MM INOX (MBZ-1);OBSOL - A5
1229;PEF040;PARAFUSO MQ PA PH 3X20 MM INOX (MBZ-1);OBSOL - A5
1230;PEF041;PARAFUSO MQ PA PH 3X12 MM INOX (MBZ-1);OBSOL - A5
1231;PEF042;PARAFUSO MQ CH PH 3X16 MM INOX (MBZ-1);OBSOL - A5
1232;PEF043;PARAFUSO MQ CH PH 3X12 MM INOX (MBZ-1);OBSOL - A5
1233;PEF045;ARRUELA LISA M4 9X0,8MM ZINCADO BRANCO;BD-02
1234;PEF046;ARRUELA LISA INOX M3;BD-02
1235;PEF048;PARAFUSO AA PA PH 2,2X6,5 MM;BD-02
1236;PEF051;PORCA INOX MA04;OBSOL - A5
1237;PEF052;PARAFUSO MQ CH PH 2,5X12 MM;BD-02
1238;PEF054;PARAFUSO AA PA PH 2,9X9,5 MM;BD-02
1239;PEF055;CORTE VARETA INOX DIAM. 1/8 X 36,5;OBSOL - A5
1240;PEF056;CORTE VARETA INOX DIAM. 3/32 X 6,5;OBSOL - A5
1241;PEF057;PARAFUSO TELLEP (ALLEN) CAB. CILINDRICA 4X20 MM;OBSOL - A5
1242;PEF060;PARAFUSO MQ CL PH 2X8 MM;OBSOL - A5
1243;PEF070;ARRUELA LISA M3 ZINCADO BRANCO;BD-02
1244;PEF080;PARAFUSO MQ CH PH 3X10 MM ZINCADO PRETO (MBZ-1);BD-02
1245;PEF081;ARRUELA PRESSAO DIN 127 M3 ZNB;OBSOL - A5
1246;PEF082;PARAFUSO MQ CH PH 2,5X8 MM;BD-02
1247;PEF084;PARAFUSO AA PA PH 3,5X9 MM;BD-02
1248;PEF086;"MANGUEIRA CRISTAL DIAMETRO INTERNO 1/8"" X 2 MM DE PAREDE";DB-02
1249;PEF088;COLA QUENTE (BASTAO REFIL);DD-03
1250;PEF089;SUPORTE PARA LED 5MM SP-5.8 PATOLA;OBSOL - A4
1251;PEF090;SUPORTE PARA LED 5MM PRETO;OBSOL - A4
1252;PEF091;PARAFUSO PLASTICO PA PH 3X8 MM;BD-02
1253;PEF092;PARAFUSO MQ PA PH 3X25 MM;OBSOL - A5
1254;PEF093;PARAFUSO MQ CL PH 2,5X20 MM;OBSOL - A5
1255;PEF096;PORCA INOX MA03 PARLOCK (MBZ 2);OBSOL - A5
1256;PEF097;PARAFUSO AA PA PH 2,5X12MM PARA PLASTICO;BD-02
1257;PEF098;PARAFUSO MQ CH PH 3X16 MM;BD-02
1258;PEF101;PARAFUSO MQ CH PH 3,5X76 MM;BD-02
1259;PEF102;PARAFUSO MQ PA PH 5X8 MM;OBSOL - A5
1260;PEF105;PARAFUSO MQ CH PH 2,5X20 MM;BD-02
1261;PEF106;PARAFUSO AUTO ATARRAXANTE CABECA CHATA PHILIPS AA ZINCADO PRETO 3.5X13;BD-02
1262;PEF107;PARAFUSO AA CH PH 3,5X14 MM CHIP;BD-02
1263;PEF109;PARAFUSO AA PA FS 4,2x32 MM;OBSOL - A2
1264;PEF110;BUCHA PLASTICA (6MM) PARA PAREDE;OBSOL - A2
1265;PEF111;PARAFUSO PLASTICO PA PH 3X6 MM;BD-02
1266;PEF112;PARAFUSO AA CH PH 2,9X9,5MM;BD-02
1267;PEF113;PARAFUSO PARA PLASTICO PA PH 4X12 MM;BD-02
1268;PEF114;PARAFUSO MQ CH PH 4X6 MM;BD-02
1269;PEF115;ESPACADOR DE CIRCUITO IMPRESSO SERIE ECI9.4 MM (FURO 4MM;CB-01
1270;PEF116;ABRAÇADEIRA PCLIPS;CB-01
1271;PEF119;PARAFUSO MQ CH PH M4X16 MM;BD-02
1272;PEF121;ABRACADEIRA NYLON REUTILIZAVEL PRETA 150X3,6MM;CB-01
1273;PIB003;SUPORTE DE DUAS PILHAS;AB-01
1274;PIB011;SUPORTE 2 PILHAS 18650 3.7V PRETO COM RABICHO;CC-02
1275;POT001;POTENCIOMETRO LINEAR 10K 16MM EIXO ESTRIADO 20MM;DF-02 / OBSOL - A03
1276;POT002;POTENCIOMETRO FIO 4W 5K;OBSOL - A3
1277;POT005;POTENCIOMETRO LINEAR 470K 16MM SERIE CRC16;OBSOL - A3
1278;POT006;TRIMPOT 200K REF. 3386F;OBSOL - A5
1279;POT008;TRIMPOT 100K 3296W;BB-02
1280;POT009;TRIMPOT 100K 3386F;BB-02
1281;POT011;TRIMPOT 10K 3386F;BB-02
1282;POT012;TRIMPOT 10K 3296W;BB-02
1283;POT013;TRIMPOT 1M REF. 3296W;BB-02
1284;POT014;TRIMPOT 1M REF. 3386F;OBSOL - A5
1285;POT015;TRIMPOT 1M REF. 3006P;OBSOL - A5
1286;POT016;TRIMPOT 20R REF. 3386F;OBSOL - A2
1287;POT017;TRIMPOT 5K REF. 3386F 1 502;OBSOL - A5
1288;POT018;TRIMPOT 20K REF. 3386F;OBSOL - A5
1289;POT019;TRIMPOT 1K;BB-02
1290;QUÍMICOS;QUÍMICOS DIVERSOS;DF-03
1291;RES001;RESISTOR 2K2 1/2W;BB-03
1292;RES002;RESISTOR CR25 120K CARBONO;BB-03
1293;RES003;RESISTOR CR25 27K CARBONO;BB-03
1294;RES004;RESISTOR CR25 4K7 CARBONO;BB-03
1295;RES005;RESISTOR CR25 150K CARBONO;BB-03
1296;RES006;RESISTOR CR25 150R CARBONO;BC-03
1297;RES007;RESISTOR CR25 39K CARBONO;BB-03
1298;RES008;RESISTOR CR25 5K6 CARBONO;BB-03
1299;RES009;RESISTOR CR25 56K CARBONO;BB-03
1300;RES010;RESISTOR CR25 12K CARBONO;BB-03
1301;RES011;RESISTOR CR25 680K CARBONO;BB-03
1302;RES012;RESISTOR CR25 3K3 CARBONO;BB-03
1303;RES013;RESISTOR CR25 560R CARBONO;BC-03
1304;RES014;RESISTOR CR12 4M7;CB-02
1305;RES015;RESISTOR 15K 2W CARVAO;BB-03
1306;RES016;RESISTOR 330R 5W CARVAO;BC-03
1307;RES017;RESISTOR 100R 10W FIO;BC-03
1308;RES019;RESISTOR 100R 5W FIO;BC-03
1309;RES020;RESISTOR 10K 15W FIO;BC-03
1310;RES021;RESISTOR 10R 10W FIO;BC-03
1311;RES023;RESISTOR CR25 15K CARBONO;BB-03
1312;RES024;RESISTOR CR25 15M CARBONO;CB-02
1313;RES025;RESISTOR CR25 18K CARBONO;BB-03
1314;RES026;RESISTOR CR25 1K CARBONO;BB-03
1315;RES027;RESISTOR CR25 1K5 CARBONO;BB-03
1316;RES028;RESISTOR CR25 1M CARBONO;CB-02
1317;RES029;RESISTOR CR25 1M5 CARBONO;BD-03
1318;RES030;RESISTOR CR25 220K CARBONO;BB-03
1319;RES032;RESISTOR CR25 22K CARBONO;BB-03
1320;RES033;RESISTOR CR25 270R CARBONO;BC-03
1321;RES034;RESISTOR 2R2 1W;BC-03
1322;RES035;RESISTOR 33R 1W CARVAO;BC-03
1323;RES036;RESISTOR CR25 27R CARBONO;BD-03
1324;RES037;RESISTOR CR25 2K7 CARBONO;BB-03
1325;RES038;RESISTOR CR25 2M2 CARBONO;CB-02
1326;RES039;RESISTOR 47R 1W FIO;BC-03
1327;RES040;RESISTOR CR25 33K CARBONO;BB-03
1328;RES041;RESISTOR CR25 33R CARBONO;BD-03
1329;RES042;RESISTOR CR25 390R CARBONO;BC-03
1330;RES043;RESISTOR CR25 3K6 CARBONO;BB-03
1331;RES044;RESISTOR CR25 3K9 CARBONO;BB-03
1332;RES045;RESISTOR CR25 470K CARBONO;BB-03
1333;RES046;RESISTOR CR25 470R CARBONO;BC-03
1334;RES047;RESISTOR CR25 47K CARBONO;BB-03
1335;RES048;RESISTOR CR25 47R CARBONO;BC-03
1336;RES049;RESISTOR CR25 51K CARBONO;BB-03
1337;RES050;RESISTOR 560K 1/4W;BB-03
1338;RES051;RESISTOR 10R 1W CARVAO;BC-03
1339;RES052;RESISTOR CR25 68R CARBONO;BC-03
1340;RES053;RESISTOR CR25 6K8 CARBONO;BB-03
1341;RES054;RESISTOR CR25 6M8 CARBONO;BD-03
1342;RES055;RESISTOR CR25 820K CARBONO;BB-03
1343;RES056;RESISTOR CR25 820R CARBONO;BC-03
1344;RES057;RESISTOR CR25 82K CARBONO;BB-03
1345;RES058;RESISTOR CR25 8K2 CARBONO;BB-03
1346;RES059;RESISTOR CR25 8M2 CARBONO;CB-02
1347;RES063;RESISTOR SMD 0805 100K;SALA SMD / BB-03
1348;RES065;RESISTOR 4R7 5W CARVAO;BC-03
1349;RES066;RESISTOR CR12 100K;CB-02
1350;RES067;RESISTOR CR12 10K;CB-02
1351;RES068;RESISTOR CR12 10M;BC-03
1352;RES070;RESISTOR CR12 1K5;BC-03
1353;RES071;RESISTOR CR12 1M;CB-02
1354;RES072;RESISTOR CR12 220R;BC-03
1355;RES073;RESISTOR CR12 27R        ;BC-03
1356;RES074;RESISTOR CR12 33K;CB-02
1357;RES075;RESISTOR CR25 270K CARBONO;BB-03
1358;RES076;RESISTOR CR12 390R;CB-02
1359;RES077;RESISTOR CR12 39K;BC-03
1360;RES078;RESISTOR CR12 3M3;CB-02
1361;RES079;RESISTOR CR12 470K;CB-02
1362;RES080;RESISTOR CR12 47K;CB-02
1363;RES081;RESISTOR CR12 4K7;CB-02
1364;RES082;RESISTOR CR12 56K;CB-02
1365;RES083;RESISTOR CR12 75K;CB-02
1366;RES084;RESISTOR CR12 82K;CB-02
1367;RES085;RESISTOR CR25 100K CARBONO;BB-03
1368;RES086;RESISTOR CR25 100R CARBONO;BC-03
1369;RES087;RESISTOR CR25 10K CARBONO;BB-03
1370;RES088;RESISTOR CR25 10M CARBONO;CB-02
1371;RES089;RESISTOR CR25 10R CARBONO;BD-03
1372;RES090;RESISTOR 0,56R 5W;BC-03
1373;RES092;RESISTOR 68R 1W;BC-03
1374;RES093;RESISTOR CR12 470R;BC-03
1375;RES094;RESISTOR SMD 0805 10K;SALA SMD
1376;RES095;RESISTOR CR12 22K;CB-02
1377;RES099;RESISTOR CR25 2K2 CARBONO;BB-03
1378;RES100;RESISTOR CR25 680R CARBONO;BC-03
1379;RES101;RESISTOR CR12 3K6;CB-02
1380;RES102;RESISTOR CR12 330K;BC-03
1381;RES103;RESISTOR CR12 68K;CB-02
1382;RES104;RESISTOR CR25 330R CARBONO;BC-03
1383;RES105;RESISTOR CR25 22R CARBONO;BD-03
1384;RES106;RESISTOR 0,1R 5W CARVAO;BC-03
1385;RES108;RESISTOR SMD 0805 220K;SALA SMD
1386;RES109;RESISTOR SMD 0805 1M;SALA SMD / BC-03
1387;RES110;RESISTOR SMD 0805 330K;SALA SMD
1388;RES111;RESISTOR SMD 0805 180R;SALA SMD
1389;RES112;RESISTOR SMD 0805 4K7;SALA SMD
1390;RES113;RESISTOR SMD 0805 390R;SALA SMD
1391;RES114;RESISTOR SMD 0805 75K;SALA SMD
1392;RES115;RESISTOR SMD 0805 47R;SALA SMD
1393;RES116;RESISTOR SMD 0805 4M7;SALA SMD
1394;RES117;RESISTOR SMD 0805 47K;SALA SMD
1395;RES118;RESISTOR SMD 0805 39K;SALA SMD
1396;RES122;RESISTOR CR12 1K;BC-03
1397;RES123;RESISTOR 27R 1W CARVAO;BC-03
1398;RES124;RESISTOR SMD 0805 470K;SALA SMD
1399;RES125;RESISTOR SMD 0805 2K2;SALA SMD
1400;RES126;RESISTOR SMD 0805 220R;SALA SMD
1401;RES127;RESISTOR SMD 0805 3M3;SALA SMD
1402;RES129;RESISTOR 47K 1W;BD-03
1403;RES130;RESISTOR SMD 0805 470R;SALA SMD
1404;RES131;RESISTOR 560R 1W;BC-03
1405;RES133;RESISTOR 330R 5W FIO;BD-03
1406;RES134;RESISTOR 270R 5W FIO;BC-03
1407;RES136;RESISTOR CR25 330K CARBONO;BB-03
1408;RES137;RESISTOR CR25 1K8 CARBONO;BB-03
1409;RES140;RESISTOR 1% 10K MRS;BD-03
1410;RES141;RESISTOR CR25 68K CARBONO;BB-03
1411;RES142;RESISTOR 470R 5W FIO;BC-03
1412;RES143;RESISTOR SMD 0805 270R;SALA SMD
1413;RES144;RESISTOR 33K 1W CARVAO;BB-03
1414;RES145;RESISTOR CR25 4M7 CARBONO;CB-02
1415;RES146;RESISTOR SMD 0805 68K;SALA SMD
1416;RES147;RESISTOR SMD 0805 1K;SALA SMD
1417;RES150;RESISTOR SMD 0805 100R;SALA SMD
1418;RES151;RESISTOR SMD 0805 10M;SALA SMD
1419;RES152;RESISTOR SMD 0805 10R;SALA SMD
1420;RES153;RESISTOR 18R 5W FIO;BC-03
1421;RES154;RESISTOR SMD 0805 3K6;SALA SMD
1422;RES155;RESISTOR SMD 0805 150K;SALA SMD
1423;RES156;RESISTOR SMD 0805 2K7;SALA SMD
1424;RES157;RESISTOR SMD 0805 18K;SALA SMD
1425;RES158;RESISTOR SMD 0805 33K;SALA SMD
1426;RES159;RESISTOR SMD 0805 0R;SALA SMD
1427;RES160;RESISTOR 2R2 2W;BC-03
1428;RES162;RESISTOR 10R 2W;BC-03
1429;RES163;RESISTOR 10R 3W;BC-03
1430;RES164;RESISTOR SMD 0805 1K2;SALA SMD
1431;RES166;RESISTOR 100R 2W;BC-03
1432;RES167;RESISTOR 0,1R 1W;BD-03
1433;RES168;RESISTOR 10K 1W;BD-03
1434;RES169;RESISTOR SMD 0805 330R;SALA SMD
1435;RES170;RESISTOR SMD 0805 120K;SALA SMD
1436;RES171;RESISTOR SMD 0805 22K;SALA SMD
1437;RES172;RESISTOR SMD 0805 82R 5%;SALA SMD
1438;RES173;RESISTOR SMD 0805 51R 5%;SALA SMD
1439;RES174;RESISTOR SMD 0805 12K4 1/8W 1%;SALA SMD
1440;RESTO DE PONTEIRAS;RESTO DE PONTEIRAS;G.03
1441;RLE001;RELE A1RC2 12VCC (10A);OBSOL - A6
1442;RLE002;RELE 12V 30A N/A (6 PINOS);BF-02
1443;RLE003;RELE 12V 15A;BF-02
1444;RLE008;RELE HJR-3FF-S-Z 06VDC 10 A;BF-02
1445;RP203-001;PLACA CONTROLADORA RGB RP203;G.24
1446;RP207-001;PLACA CONTROLADORA MONO RP207 2A;G.19
1447;RP208-001;TECLADO RP208 COM 2 TECLAS;G.09
1448;RP208-002;TECLADO RP208 COM 3 TECLAS;G.09
1449;RP208-003;TECLADO RP208 COM 6 TECLAS;G.09
1450;RU100-001;LAMPADA UVC 7W - LEDLIGHT RU100;G.14
1451;STR001;SCR 40TTS12;OBSOL - A2
1452;STR004;SCR BT-151 500V 12A;OBSOL - A2
1453;STR006;DIAC DB3O;OBSOL - A1
1454;STR007;TRANSISTOR TRIAC BTA 12600;BB-02
1455;TFB001;TRAFO REF. 002 127/220 12+12 V 1,8VA PCI91-4;DE-04
1456;TFB002;TRAFO REF. 047 120/220 10+10 V 11VA ABR-CAB COD 63-9;DF-04
1457;TFB003;TRAFO REF. 008 127/220 10+10 V 11VA ABRAC/TER 342-5;I.29 - VENDAS
1458;TFB007;TRAFO REF. 050 127/220 12-9VAC 23 VA;I.29 - VENDAS
1459;TFB010;TRAFO REF. 013 127/220 10+10 V E 20 V 190VAC;I.29 - VENDAS
1460;TFB011;TRAFO REF. 024 127/220 9 VOLTS 5VA ABR-CAB;DE-04
1461;TFB017;TRAFO REF. 018 127/220 10+10 VAC GO 14VA;DE-04
1462;TFB019;TRAFO REF. 02762 NEE 20/10/5 91#30//15#21 HOR;DE-04
1463;TFB020;INDUTOR 0410 1/2W 1UH;DF-04
1464;TFB021;INDUTOR SMD 1UH 250MA (0805);DF-04
1465;TRS001;TRANSISTOR BC807 SMD (SOT23);SALA SMD
1466;TRS002;TRANSISTOR BC848 SMD (SOT23);SALA SMD
1467;TRS003;TRANSISTOR BC548;BB-02
1468;TRS004;TRANSISTOR BC327;BB-02
1469;TRS005;TRANSISTOR IRF540N;BB-02
1470;TRS007;TRANSISTOR BC857 SMD (SOT23);OBSOL - A6
1471;TRS008;TRANSISTOR 2N5551C;BB-02
1472;TRS009;TRANSISTOR IRFZ48N MOSFET;OBSOL - A6
1473;TRS010;TRANSISTOR TIP42;BB-02
1474;TRS011;TRANSISTOR BC337;BB-02
1475;TRS012;TRANSISTOR MJE2955T;OBSOL - A6
1476;TRS014;TRANSISITOR BD140;BB-02
1477;TRS016;TRANSISTOR KSP42 (TO92);OBSOL - A6
1478;TRS017;TRANSISTOR BCP53 PNP SMD SOT223;SALA SMD
1479;TRS018;TRANSISTOR IPP60R600;BB-02
1480;TRS019;TRANSISTOR MMBTA42 SMD (SOT23);SALA SMD
1481;TRS020;FOTOTRANSISTOR RECEPTOR 5MM;DG-05
1482;TRS021;TRANSISTOR TIP41C TO-220;BB-02
1483;TRS022;TRANSISTOR BC546;OBSOL - A6
1484;TRS023;TRANSISTOR 2N5551C;BB-02
1485;TRS024;TRANSISTOR BCP56TIG NPN SMD SOT223;SALA SMD
1486;VAR003;VARISTOR 150V 7 MM - S150K07;OBSOL - A5
1487;VAR004;VARISTOR 130V 14MM;BB-02
1488;VAR005;VARISTOR 275VAC 10MM;BB-02
1489;FWCLT-039-E;CHICOTE PARA PONTEIRA CXP101 VELOCIDADE;G.18
1490;FWCLT-039-D;CHICOTE PARA PONTEIRA CXP102 VELOCIDADE;G.18
1491;KIT PONTEIRAS;KIT PONTEIRAS (ÚLTIMA COMPRA);G.23
1492;FWCLF-H01-003;CHICOTE INVERSOR HERCULES HD300 LINHA FITNESS SEM FONTE;H.08
1493;THD100;TERMO HIGROMETRO DIGITAL COM TECLADO MECANICO 6 TECLAS - SERIAL RS232 - WIFI;I.18
1494;FWCDV-019;CHICOTE ATERRAMENTO CARCACA CONECTOR FASTON E ANEL 6.3;I.24 - ONFIT
1495;FWT166-3F-001;TECLADO FW166 3 TECLAS 12X12X8,5 CONEC. 8 VIAS ALOJAMENTO;I.16
1496;FWU500-HRS-001;PLACA FW500 HAND GRIP RS232 CONECTOR 90 GRAUS;H.12
1497;FWT156-14F-001;TECLADO FW156 14 TECLAS 12X12X8,5 CONEC. MOLEX 9 VIAS E CONC. PENCI 4 VIAS - CHICOTE 35 CM;I.03
